_id,AREA_NAME,HOOD_ID,year,ASSAULT_RATE,AUTOTHEFT_RATE,BIKETHEFT_RATE,BREAKENTER_RATE,HOMICIDE_RATE,ROBBERY_RATE,SHOOTING_RATE,THEFTFROMMV_RATE,THEFTOVER_RATE,population
1,South Eglinton-Davisville,174,2014,344.9786377,27.3792572,93.08947754,147.8479919,0,65.71022034,5.475851536,98.56533051,21.90340614,1826.2000342985298
1,South Eglinton-Davisville,174,2015,332.1354675,21.77937508,103.452034,174.2350006,0,54.44843674,0,103.452034,16.33453178,1836.6000011727142
1,South Eglinton-Davisville,174,2016,377.8269653,16.19258308,145.7332611,134.9382019,5.397527695,48.57775116,5.397527695,70.16786194,21.59011078,1852.6999507411813
1,South Eglinton-Davisville,174,2017,429.4542847,41.89797974,178.0664063,193.7781525,0,36.66073227,0,89.03320313,5.237247467,1909.3999739060002
1,South Eglinton-Davisville,174,2018,431.5816345,76.16146088,152.3229218,243.7166748,0,86.31632233,5.077430725,96.47118378,15.23229218,1969.499932462951
1,South Eglinton-Davisville,174,2019,345.8668823,39.52764511,207.5201416,410.0993042,4.940955639,24.70477867,4.940955639,118.5829315,14.82286644,2023.9000489004034
1,South Eglinton-Davisville,174,2020,396.8446045,72.59352112,454.9194336,338.7697754,4.839568138,77.43309021,4.839568138,208.1014404,24.19784164,2066.299984179324
1,South Eglinton-Davisville,174,2021,577.4553833,71.58538055,162.2601929,209.9837799,4.772358418,52.49594498,0,104.99189,28.634151459999998,2095.3999823937565
1,South Eglinton-Davisville,174,2022,597.6281738,46.68970108,81.86655751,121.393219,0,74.70352173,4.668970108,195.5701096,14.00691032,2141.7999621088143
1,South Eglinton-Davisville,174,2023,459.3623657,95.51098633,168.28125,195.5701141,NA,13.64442635,NA,181.9256897,36.38513565,2198.6999271499094
2,North Toronto,173,2014,386.963623,34.39676666,42.99596024,214.9797974,0,42.99596024,0,154.7854462,17.19838333,1162.9000072701924
2,North Toronto,173,2015,449.127655,8.637070656,112.2819138,380.0310974,0,86.37070465,0,51.82242203,25.91121101,1157.8000023178265
2,North Toronto,173,2016,372.0688782,17.30552864,77.87487793,129.7914734,0,60.5693512,0,112.485939,17.30552864,1155.6999931847565
2,North Toronto,173,2017,429.0075073,16.50028801,107.2518768,198.0034637,0,49.50086594,0,107.2518768,16.50028801,1212.1000009362774
2,North Toronto,173,2018,433.5487976,31.53082085,134.0059967,331.0736389,0,70.9443512,0,55.178936,39.41352844,1268.5999893083315
2,North Toronto,173,2019,582.0105591,30.23431587,166.2887421,272.1088562,7.558578968,143.6130066,0,136.0544281,30.23431587,1323.0000520792955
2,North Toronto,173,2020,525.9697266,80.35649109,365.2567749,642.8519287,7.305135727,21.91540718,0,175.3232574,43.83081436,1368.9000784403702
2,North Toronto,173,2021,740.5825195,99.69379425,156.6616821,348.9282837,0,71.20985413,7.120985508,121.0567551,14.24197102,1404.2999566100345
2,North Toronto,173,2022,893.8393555,68.75687408,66.32619221,316.2816162,0,75.63256073,6.875687599,152.5502421,27.5027504,1454.400046273192
2,North Toronto,173,2023,696.4249878,119.387146,145.9176178,205.6111908,NA,92.85666656,NA,271.9373779,46.42833328,1507.7000658993297
3,Dovercourt Village,172,2014,412.0070496,58.85815048,191.2889862,279.5762329,7.35726881,176.5744629,0,294.2907715,36.78634644,1359.2000441343905
3,Dovercourt Village,172,2015,422.159668,74.06310272,251.8145447,155.5325165,0,140.7198944,0,251.8145447,22.2189312,1350.2000385313927
3,Dovercourt Village,172,2016,587.447937,133.8488922,386.6745911,275.1338501,0,96.66864777,14.87209988,364.3664551,37.18024826,1344.8000243807137
3,Dovercourt Village,172,2017,693.9317627,81.20478058,332.2013855,287.9078674,7.38225317,280.5256042,0,310.0546265,22.14675903,1354.6000493515094
3,Dovercourt Village,172,2018,684.9315186,80.15155792,218.5951691,364.3252563,0,225.8816681,0,597.4934692,29.14602089,1372.399976455106
3,Dovercourt Village,172,2019,694.3439941,86.79299927,188.0514984,600.3182373,14.46549988,101.2584991,0,484.5942383,21.69824982,1382.599991009269
3,Dovercourt Village,172,2020,542.7310181,130.2554474,202.6195831,340.1114502,7.236413479,108.5462036,0,484.8397217,21.70923996,1381.9000112166243
3,Dovercourt Village,172,2021,734.3318481,58.16489792,189.0359192,138.1416321,0,159.9534607,14.54122448,130.8710175,14.54122448,1375.3999674850818
3,Dovercourt Village,172,2022,688.9549561,181.3039398,144.5400014,239.3211975,0,72.52157593,0,202.356002,29.00863075,1378.90001601514
3,Dovercourt Village,172,2023,751.6080322,202.3560028,274.6260071,332.4420166,NA,151.7669983,7.227000237,173.447998,21.68099976,1383.6999545572446
4,Junction-Wallace Emerson,171,2014,655.6818848,80.89581299,170.3069763,157.5339508,4.257674694,110.6995392,0,298.0372009,21.28837204,2348.6999346790553
4,Junction-Wallace Emerson,171,2015,658.6399536,71.31769562,172.0015106,192.9773102,12.58547592,125.8547668,8.390317917,109.0741272,20.97579384,2383.699912856304
4,Junction-Wallace Emerson,171,2016,684.8467407,49.50699234,206.2791443,169.1488953,0,107.265152,4.125582695,198.0279694,24.75349617,2423.8999784145426
4,Junction-Wallace Emerson,171,2017,638.5748291,69.14504242,252.1760406,207.4351196,4.067355633,109.8185959,20.33677673,296.9169312,24.40413284,2458.5998828246015
4,Junction-Wallace Emerson,171,2018,627.0218506,115.8193207,259.5950317,363.43304440000003,0,71.88785553,11.98130894,611.0467529,27.95638847,2503.899981312709
4,Junction-Wallace Emerson,171,2019,716.8458862,90.59041595,275.7099609,405.6875,3.938713551,118.1614075,7.877427101,492.3392029,15.7548542,2538.899971439914
4,Junction-Wallace Emerson,171,2020,661.9922485,172.3530121,211.5241547,430.8825378,0,86.17650604,19.58556938,544.4788208,35.25402451,2552.8999830879443
4,Junction-Wallace Emerson,171,2021,696.6459351,136.9809418,140.8946838,297.4443359,0,43.05115128,11.74122334,203.5145416,31.30992889,2555.0999586963644
4,Junction-Wallace Emerson,171,2022,539.2404175,182.3330841,137.195122,217.2479401,0,77.58854675,11.63828182,232.4695122,31.03541946,2577.6999551410663
4,Junction-Wallace Emerson,171,2023,872.7134399,129.5731659,209.603653,312.5,NA,68.5975647,7.621951103,217.2256165,34.29878235,2623.9999240327957
5,Yonge-Bay Corridor,170,2014,3817.829346,116.279068,2160.852783,668.6046753,9.689922333,707.3643188,9.689922333,1172.480591,358.5271301,1032.0000301029695
5,Yonge-Bay Corridor,170,2015,4789.324707,182.798645,1425.829468,1051.092163,18.27986526,475.2764893,27.4197979,941.4130249,274.1979675,1094.0999661896594
5,Yonge-Bay Corridor,170,2016,4208.070313,172.81604,1745.442017,527.0889282,0,639.4193115,0,682.6233521,233.301651,1157.3000538881442
5,Yonge-Bay Corridor,170,2017,4995.443848,115.9804459,1781.128296,1035.539673,0,729.0199585,24.85295296,737.3042603,289.9511108,1207.0999461667855
5,Yonge-Bay Corridor,170,2018,4575.786621,214.4899902,2121.067627,794.4073486,7.9440736770000004,699.0784912,31.77629471,897.6803589,349.5392456,1258.7999566162462
5,Yonge-Bay Corridor,170,2019,5048.573242,290.6754456,1675.208496,910.2730713,15.29870701,481.9092712,30.59741402,1308.039429,481.9092712,1307.3000397604214
5,Yonge-Bay Corridor,170,2020,2842.933594,103.9192429,1284.144897,1105.997681,0,408.2541504,14.84560585,1002.078369,259.7980957,1347.1999515159973
5,Yonge-Bay Corridor,170,2021,2343.636719,123.3492966,1226.237061,812.6541748,7.255840778,370.0478821,0,464.3738098,188.6518707,1378.1999461837243
5,Yonge-Bay Corridor,170,2022,3116.864746,204.038559,1561.333243,865.4049072,7.035812378,386.9696655,7.035812378,726.3593782,358.826416,1421.3000437972805
5,Yonge-Bay Corridor,170,2023,3686.104248,312.2666626,1547.75647,733.1477661,6.788405418,420.881134,13.57681084,515.9188232,346.2086792,1473.0999544970005
6,Bay-Cloverhill,169,2014,742.6449585,42.84490204,556.9837036,185.6612396,0,78.54898834,0,257.069397,114.253067,1400.4000001570064
6,Bay-Cloverhill,169,2015,685.0722656,27.40289116,596.0128784,308.2825317,0,102.7608414,0,171.2680664,89.05939484,1459.700020295202
6,Bay-Cloverhill,169,2016,807.8817749,39.40886688,650.2462769,380.9523926,0,124.7947464,0,157.6354675,85.38587952,1522.4999971713064
6,Bay-Cloverhill,169,2017,971.9767456,44.18076324,624.8422241,340.8230286,0,119.9192123,0,94.67306519,88.36152649,1584.4000455477565
6,Bay-Cloverhill,169,2018,818.2313843,90.91460419,581.8534546,430.3291016,0,175.7682343,6.060973167,193.9511414,60.60973358,1649.9000477168572
6,Bay-Cloverhill,169,2019,958.671875,75.99228668,409.189209,479.3359375,5.845560074,210.4401703,0,192.9034882,58.45560455,1710.7000244478852
6,Bay-Cloverhill,169,2020,573.7006836,51.12184143,335.1320496,448.736145,0,107.9238815,0,198.8071594,39.76143265,1760.499906784493
6,Bay-Cloverhill,169,2021,817.256897,122.3105545,322.4551086,211.2636871,0,127.8701248,0,111.1914139,55.59570694,1798.7000236964657
6,Bay-Cloverhill,169,2022,647.5985107,75.55315399,356.8617161,232.0561218,0,102.5364304,5.396654129,136.4471267,48.56988525,1852.9999377282384
6,Bay-Cloverhill,169,2023,745.2112427,89.21543121,293.8861084,320.125946,NA,104.9593277,5.24796629,209.9186554,68.22356415,1905.499969183436
7,Bendale-Glen Andrew,156,2014,734.9390869,187.7581635,53.64519119,380.8808594,0,278.9549866,5.364519119,450.6195984,32.18711472,1864.1000654608129
7,Bendale-Glen Andrew,156,2015,782.4064331,195.6016083,37.0057106,174.4554901,0,290.7591553,5.286530018,338.3379211,42.29224014,1891.5999886862382
7,Bendale-Glen Andrew,156,2016,894.435791,218.4087372,20.80083275,156.0062408,10.40041637,249.6099854,15.60062408,228.8091583,41.6016655,1922.9999708274197
7,Bendale-Glen Andrew,156,2017,849.9744263,128.008194,117.76754,138.2488403,0,343.0619507,25.60163879,327.7009583,87.04557037,1952.999935805245
7,Bendale-Glen Andrew,156,2018,916.5533447,196.4042969,10.07201481,166.1882477,0,221.5843353,5.036007404,266.9083862,65.46809387,1985.7000255622982
7,Bendale-Glen Andrew,156,2019,1012.155823,173.6541748,14.88464355,148.8464355,4.961547852,173.6541748,14.88464355,248.0773926,39.69238281,2015.4999394791803
7,Bendale-Glen Andrew,156,2020,660.0985107,226.6009827,4.92610836,98.52217102,4.92610836,93.59606171,34.48275757,216.748764,19.70443344,2030.0000352659483
7,Bendale-Glen Andrew,156,2021,634.6551514,373.9053345,19.67922783,93.47633362,0,241.0705566,24.59903526,201.7120972,34.43864822,2032.599904301352
7,Bendale-Glen Andrew,156,2022,809.9536743,404.9768372,28.88364704,117.1017303,9.758477211,263.4789124,34.15467072,332.161941,63.4301033,2049.49993150491
7,Bendale-Glen Andrew,156,2023,1140.904053,693.2075195,48.13941193,139.6042938,NA,264.7667542,4.813941002,365.8595276,96.27882385,2077.3000093812448
8,Downsview,155,2014,722.5250244,234.5037384,44.36557388,190.1381683,6.337938786,190.1381683,25.35175514,367.6004639,31.68969536,1577.8000228389044
8,Downsview,155,2015,804.9182129,202.8140411,25.35175514,209.1519775,0,158.4484711,12.67587757,323.2348938,69.71733093,1577.8000542743093
8,Downsview,155,2016,828.0134277,240.187088,56.88641739,176.9799652,0,69.52783966,12.64142609,391.8842163,18.96213913,1582.0999469040376
8,Downsview,155,2017,852.7324829,192.954071,24.89729881,161.8324432,0,93.36486816,31.12162399,317.4405518,80.91622162,1606.5999917592678
8,Downsview,155,2018,776.3310547,189.4981384,61.12842941,256.7394104,6.112843037,207.8366699,12.22568607,385.1091003,18.33852959,1635.9000355728008
8,Downsview,155,2019,861.9130859,415.8881226,48.21891403,223.0124817,12.05472851,120.547287,42.19155121,433.9702148,42.19155121,1659.099999052468
8,Downsview,155,2020,766.6506958,311.4518433,29.94729233,269.5256348,11.97891712,41.9262085,17.96837616,455.1988525,59.89458466,1669.5999977725448
8,Downsview,155,2021,801.3395386,364.7889099,35.88087463,167.4440918,0,65.78160858,0,328.90802,29.90073013,1672.200029392135
8,Downsview,155,2022,906.0223999,752.0578003,35.28789037,189.494873,0,148.0428772,23.68685913,376.404164,88.82572174,1688.6999705182454
8,Downsview,155,2023,1223.313477,558.7249146,47.05052185,435.2173157,NA,164.6768188,17.64394569,411.6920471,99.98235321,1700.3000777044494
9,Oakdale-Beverley Heights,154,2014,1086.689331,324.5316467,24.5857296,280.2773132,0,201.6029968,19.66858482,368.7859497,49.1714592,2033.6999149207622
9,Oakdale-Beverley Heights,154,2015,1144.153442,345.2187195,39.4535675,212.0629272,0,192.3361511,19.72678375,202.1995392,19.72678375,2027.700057384436
9,Oakdale-Beverley Heights,154,2016,1135.80249,251.8518524,34.56790161,118.5185165,4.938271523,177.777771,19.75308609,212.3456726,39.50617218,2024.999962801631
9,Oakdale-Beverley Heights,154,2017,1355.039917,258.3349609,4.87424469,155.9758301,9.74848938,238.8379822,29.24546623,302.2031555,43.86820221,2051.60007843518
9,Oakdale-Beverley Heights,154,2018,1450.876831,369.9255371,33.6295929,211.3860168,0,182.5606537,33.6295929,562.0946655,52.84650421,2081.4999147229473
9,Oakdale-Beverley Heights,154,2019,1400.759766,441.5954285,37.98670578,379.8670349,4.748338223,194.6818542,14.24501419,565.0522461,33.23836517,2105.9999520288907
9,Oakdale-Beverley Heights,154,2020,1111.741943,487.2741089,52.03898239,208.1559296,0,236.5408325,23.65408325,747.4689941,66.23143005,2113.7998928587695
9,Oakdale-Beverley Heights,154,2021,1388.428223,544.946228,42.64796448,298.5357666,0,137.4212189,42.64796448,535.4688721,85.29592896,2110.299943103361
9,Oakdale-Beverley Heights,154,2022,1458.480347,503.4109497,65.10719434,235.2387695,9.409550667,183.4862366,32.9334259,492.9544715,89.39073181,2125.5000153937626
9,Oakdale-Beverley Heights,154,2023,2078.779785,748.7327271,55.8061676,413.8957214,4.650513649,139.5154114,27.9030838,339.4875183,106.9618225,2150.2999174104434
10,Avondale,153,2014,296.088501,70.12622833,23.37540817,85.70983124,0,31.16721153,7.791802883,77.91802979,15.58360577,1283.400060173225
10,Avondale,153,2015,295.42099,29.54209709,59.08419418,66.46971893,0,29.54209709,0,51.69866943,7.385524273,1353.9999307429034
10,Avondale,153,2016,301.3948364,42.05509186,119.1560974,49.06427383,0,21.02754593,0,98.12854767,42.05509186,1426.6999565623614
10,Avondale,153,2017,335.8694763,6.854479313,150.7985535,75.39927673,0,68.54479218,6.854479313,61.69031525,34.27239609,1458.900062601491
10,Avondale,153,2018,495.3809204,53.55469131,40.16601944,87.02637482,73.63770294,73.63770294,0,60.24903107,33.4716835,1493.7999618606225
10,Avondale,153,2019,301.8174744,98.41873932,85.29624176,85.29624176,0,32.80624771,0,144.3474884,26.24499702,1524.0999578121182
10,Avondale,153,2020,278.2991333,213.5784149,239.4667053,84.13694763,6.472073078,58.24865723,6.472073078,232.9946289,19.41621971,1545.1000328357832
10,Avondale,153,2021,360.2676392,218.7339172,128.6670074,109.3669586,0,51.4668045,0,173.70047,32.16675186,1554.3999490032463
10,Avondale,153,2022,234.1772156,120.2531662,179.5776828,50.63291168,6.32911396,25.31645584,0,247.6933556,56.96202469,1579.9999972328649
10,Avondale,153,2023,309.6166992,154.8083496,55.73100662,117.6543427,NA,37.15400314,6.192333698,396.3093567,30.96166992,1614.8999756535095
11,East Willowdale,152,2014,271.9109802,107.4996872,44.26457596,436.3222351,NA,88.52915192,6.323510647,158.0877686,18.97053337,1581.3999114111539
11,East Willowdale,152,2015,213.0592804,119.0625381,56.39804459,363.454071,NA,119.0625381,0,125.3289871,25.06579781,1595.800001584911
11,East Willowdale,152,2016,328.6210327,198.4127045,93.00595093,334.8214417,NA,86.80555725,0,217.0138855,18.60119057,1612.799995318133
11,East Willowdale,152,2017,284.8312073,84.84334564,36.36143112,442.3974304,NA,181.8071594,0,218.1685944,36.36143112,1650.1000871894278
11,East Willowdale,152,2018,271.5947266,82.65926361,5.904233456,330.6370544,NA,188.9354706,5.904233456,218.4566345,17.71269989,1693.7000425545082
11,East Willowdale,152,2019,300.3870239,173.3002167,23.10669518,311.9403992,NA,132.8634949,11.55334759,259.9503174,51.99006271,1731.1000763239028
11,East Willowdale,152,2020,227.9981689,131.0989532,91.19927216,205.1983643,NA,102.5991821,11.39990902,273.5978088,22.79981804,1754.400054745352
11,East Willowdale,152,2021,299.8415833,254.582489,67.88866425,147.0921021,NA,50.91649628,5.657388687,299.8415833,28.28694344,1767.6000578936375
11,East Willowdale,152,2022,322.688324,244.7980347,43.75170905,222.5436707,NA,66.76309967,11.12718391,355.482636,72.32669067,1797.4000199647755
11,East Willowdale,152,2023,262.5102539,470.3308716,54.68963623,399.2343445,NA,92.97238159,5.468963623,410.1722717,76.56549072,1828.5000028336035
12,Yonge-Doris,151,2014,320.1856079,32.48259735,55.68445587,37.12297058,0,32.48259735,NA,64.9651947,18.56148529,2155.000046771309
12,Yonge-Doris,151,2015,328.5364075,23.13636589,69.40909576,37.01818466,0,50.90000534,NA,50.90000534,23.13636589,2161.0999079302956
12,Yonge-Doris,151,2016,359.1490784,18.41790199,82.88056183,55.25370789,0,115.1118851,NA,78.2760849,23.02237701,2171.8000877932923
12,Yonge-Doris,151,2017,385.6099548,45.36587524,40.82928848,45.36587524,0,63.5122261,NA,99.80492401,31.75611305,2204.299939406025
12,Yonge-Doris,151,2018,384.1000366,84.85931396,58.06163406,31.26395798,0,116.1232681,NA,107.190712,26.79767799,2239.0000469997353
12,Yonge-Doris,151,2019,357.5211792,128.0014191,52.9661026,97.10452271,0,83.86299133,NA,331.038147,66.20762634,2265.600045883939
12,Yonge-Doris,151,2020,281.0839233,96.62260437,114.1903458,118.582283,0,52.70323563,NA,386.4904175,43.91936493,2276.9000535008545
12,Yonge-Doris,151,2021,338.3425598,171.3683167,61.51683044,83.48712921,0,127.4277191,NA,355.9187927,39.54653168,2275.800007114565
12,Yonge-Doris,151,2022,361.718811,191.7545471,120.5130412,74.08699036,0,30.50640678,NA,314.1947146,61.01281357,2294.6000450056767
12,Yonge-Doris,151,2023,447.619873,202.2897491,73.16863251,68.86459351,4.304037094,60.25651932,NA,615.4772949,77.47267151,2323.3999711179044
13,Fenside-Parkwoods,150,2014,494.264679,88.59461212,4.662874222,209.8293457,0,23.31437111,0,256.4580688,23.31437111,2144.599938123436
13,Fenside-Parkwoods,150,2015,472.8907166,74.91338348,18.72834587,163.8730164,0,79.59546661,9.364172935,248.1505737,14.04625893,2135.8000158297036
13,Fenside-Parkwoods,150,2016,562.9309692,79.74855804,37.5287323,112.5861969,0,103.2040176,9.382183075,206.4080353,9.382183075,2131.7000940725643
13,Fenside-Parkwoods,150,2017,444.0127563,134.1288605,37.0010643,143.3791199,0,129.5037231,23.12566566,245.1320496,23.12566566,2162.1000441513665
13,Fenside-Parkwoods,150,2018,409.9107361,45.54563522,9.109127045,200.4008026,4.554563522,72.87301636,4.554563522,109.3095245,13.66369057,2195.5999702833838
13,Fenside-Parkwoods,150,2019,467.7310486,94.44569397,17.98965645,152.9120789,4.497414112,107.9379349,4.497414112,332.8086243,8.994828224,2223.500028729972
13,Fenside-Parkwoods,150,2020,501.0961609,93.95552826,8.948145866,107.3777466,0,22.37036324,13.42221832,219.2295685,4.474072933,2235.0999416726922
13,Fenside-Parkwoods,150,2021,375.956665,147.6972656,22.3783741,89.5134964,4.475674629,35.80539703,8.951349258,201.405365,17.90269852,2234.300062215947
13,Fenside-Parkwoods,150,2022,457.4524841,164.3275909,13.09529006,48.85414886,0,39.97157669,13.32385826,257.5407045,8.882572174,2251.599971145506
13,Fenside-Parkwoods,150,2023,567.4625854,174.6038666,30.55567741,87.30193329,4.365096569,61.11135483,4.365096569,165.8736725,30.55567741,2290.899934986269
14,Parkwoods-O'Connor Hills,149,2014,318.4933777,110.7803116,6.923769474,173.0942383,0,48.46638489,6.923769474,256.1794739,6.923769474,1444.3000458028048
14,Parkwoods-O'Connor Hills,149,2015,311.8935547,124.7574158,6.930967331,180.2051544,0,6.930967331,0,298.0316162,20.79290199,1442.7999335633594
14,Parkwoods-O'Connor Hills,149,2016,339.1238098,69.2089386,6.920894146,152.2596741,0,76.12983704,6.920894146,304.5193481,6.920894146,1444.9000212901005
14,Parkwoods-O'Connor Hills,149,2017,391.3491211,116.7181625,61.79196548,240.3020935,0,123.583931,13.73154831,343.2886963,34.32886887,1456.5000130774538
14,Parkwoods-O'Connor Hills,149,2018,312.6911926,61.17871094,27.19053841,231.1195679,0,33.98817062,0,217.5243073,27.19053841,1471.0999570379329
14,Parkwoods-O'Connor Hills,149,2019,377.8167725,53.97382355,13.49345589,229.3887482,0,67.46727753,0,195.6551056,20.24018288,1482.199946536254
14,Parkwoods-O'Connor Hills,149,2020,249.8818054,155.3319397,13.5071249,162.085495,6.75356245,27.0142498,13.5071249,243.1282501,6.75356245,1480.7000429972081
14,Parkwoods-O'Connor Hills,149,2021,346.750061,135.980423,20.3970623,115.5833588,0,101.9853134,13.59804153,197.1716003,6.799020767,1470.800029650175
14,Parkwoods-O'Connor Hills,149,2022,420.5670776,250.9835815,0,122.1001205,0,47.48337936,13.56667995,189.3427103,6.783339977,1474.200033768882
14,Parkwoods-O'Connor Hills,149,2023,649.1749878,371.9231873,13.52447891,236.6783905,NA,40.57343674,13.52447891,182.5804749,47.3356781,1478.8000431953794
15,East L'Amoreaux,148,2014,259.6716614,30.8085022,0,154.042511,0,136.4376526,4.4012146,193.6534424,13.2036438,2272.1000698307234
15,East L'Amoreaux,148,2015,399.928894,35.5492363,8.887309074,222.182724,0,71.0984726,4.443654537,142.1969452,31.10558128,2250.4000423635307
15,East L'Amoreaux,148,2016,371.6473389,58.20982361,8.955357552,89.55357361,4.477678776,76.1205368,8.955357552,125.3750076,8.955357552,2233.2999947117337
15,East L'Amoreaux,148,2017,379.5736389,48.55011749,8.82729435,145.6503448,0,66.20470428,4.413647175,114.7548218,13.24094105,2265.700016714201
15,East L'Amoreaux,148,2018,325.3090515,56.38690186,17.34981537,151.8108826,0,91.08653259,4.337453842,147.4734344,26.02472305,2305.4999439509907
15,East L'Amoreaux,148,2019,393.9367981,55.66498184,8.563843727,171.2768707,0,192.6864777,12.84576511,111.3299637,8.563843727,2335.4000043592273
15,East L'Amoreaux,148,2020,443.0056152,59.63537216,4.259669304,97.97239685,0,46.8563652,12.77900791,144.8287659,8.519338608,2347.6000400818393
15,East L'Amoreaux,148,2021,336.6286011,80.96131134,8.5222435,59.65570068,0,29.82785034,8.5222435,72.43906403,17.044487,2346.7999968467325
15,East L'Amoreaux,148,2022,325.3750305,190.1542358,12.50625313,101.415596,0,29.57954788,8.451299667,145.9062865,46.48214722,2366.499970255093
15,East L'Amoreaux,148,2023,346.0063477,220.9438019,29.18125725,108.3875275,NA,41.68751144,16.67500496,166.7500458,25.01250648,2398.7999223633897
16,L'Amoreaux West,147,2014,299.8500671,48.50515747,8.819119453,145.5154724,4.409559727,105.8294373,4.409559727,154.3345947,4.409559727,2267.8000594651194
16,L'Amoreaux West,147,2015,324.2715149,53.30490494,4.442075253,151.0305634,0,97.7256546,13.32622623,155.472641,8.884150505,2251.1998940922085
16,L'Amoreaux West,147,2016,414.9562683,66.92842865,22.30947685,133.8568573,4.461895466,98.16169739,22.30947685,107.0854874,8.923790932,2241.200027680122
16,L'Amoreaux West,147,2017,439.270813,61.49791336,30.74895668,175.7083282,4.392708302,118.6031189,48.31978989,140.5666656,13.17812443,2276.499986808821
16,L'Amoreaux West,147,2018,379.5230103,81.94246674,30.18933105,176.8232269,0,94.88075256,25.87656784,138.0083618,12.93828392,2318.6999895062754
16,L'Amoreaux West,147,2019,454.6033936,110.4643784,25.49177933,195.4369659,0,84.97259521,25.49177933,135.9561615,NA,2353.6999834662033
16,L'Amoreaux West,147,2020,345.8018799,84.34191895,21.08547974,105.4274063,12.65128803,67.47354126,33.73677063,164.4667511,12.65128803,2371.3000063421573
16,L'Amoreaux West,147,2021,425.173645,75.77352142,29.46747971,71.56388092,0,33.67712021,12.62892056,155.7566833,12.62892056,2375.5000148233553
16,L'Amoreaux West,147,2022,396.0478516,120.898819,12.30819726,70.87171936,4.168924809,41.68924713,16.67569923,201.0338886,20.84462357,2398.7000463759114
16,L'Amoreaux West,147,2023,484.1224365,258.4721375,32.82185745,110.7737732,4.102732182,77.95191956,4.102732182,192.8284302,4.102732182,2437.399944796816
17,Malvern East,146,2014,518.2680054,66.16187286,18.37829971,106.5941315,0,88.21583557,7.35131979,106.5941315,22.05395889,2720.600124469887
17,Malvern East,146,2015,717.5254517,48.33073044,14.87099457,81.79046631,0,104.096962,14.87099457,74.35497284,3.717748642,2689.800055771318
17,Malvern East,146,2016,649.2288208,67.54981995,18.76383781,153.8634796,15.01107025,116.3358002,33.77490997,101.3247299,7.505535126,2664.699940258721
17,Malvern East,146,2017,668.0274658,100.2041168,11.13379097,85.35906219,7.422527313,126.1829681,22.26758194,192.9857178,11.13379097,2694.4999901230112
17,Malvern East,146,2018,647.4030762,128.0175629,7.315289021,120.7022705,3.65764451,117.0446243,25.60351181,95.09875488,18.28822327,2733.999984042708
17,Malvern East,146,2019,784.8952637,144.6811523,7.234057903,54.25543594,0,83.19166565,18.08514404,130.2130432,10.85108662,2764.7000821110955
17,Malvern East,146,2020,602.5617676,151.5424805,10.82446289,50.51416016,3.608154535,61.33862686,36.08154297,220.0974274,14.43261814,2771.50010139475
17,Malvern East,146,2021,513.5438232,155.5097504,25.31554031,72.33011627,3.616505623,79.56312561,14.46602249,94.02915192,7.233011246,2765.0999502859954
17,Malvern East,146,2022,463.6785278,161.7483215,3.558972169,57.51051331,3.594407082,64.69932556,17.97203636,256.2459962,28.75525665,2782.099930571769
17,Malvern East,146,2023,516.0509644,227.7742157,21.35383224,117.4460831,NA,71.17944336,10.67691612,188.6255188,NA,2809.800000443522
18,Malvern West,145,2014,417.3131409,37.4511795,10.70033741,181.9057312,0,80.25252533,10.70033741,208.6565704,21.40067482,1869.1000199941222
18,Malvern West,145,2015,485.0967407,97.01934814,16.16989136,113.1892395,0,107.7992783,16.16989136,172.4788513,16.16989136,1855.3000350018638
18,Malvern West,145,2016,579.8829346,97.55039978,16.25839996,130.0671997,0,173.4229279,5.419466496,205.939743,32.51679993,1845.2000156515728
18,Malvern West,145,2017,595.3338623,160.9010468,21.45347214,64.36042023,0,166.2644196,10.72673607,219.8981018,21.45347214,1864.5000230822584
18,Malvern West,145,2018,534.1089478,142.781601,10.57641506,163.934433,10.57641506,111.0523529,21.15283012,222.1047058,58.17028046,1890.9999620118701
18,Malvern West,145,2019,622.2872925,198.7135925,26.14652443,151.6498413,5.22930479,130.7326202,41.83443832,235.3187256,31.3758297,1912.3000169571997
18,Malvern West,145,2020,375.4693298,125.1564484,20.85940742,57.36336899,0,36.50396347,26.0742588,161.6604156,10.42970371,1917.600035090802
18,Malvern West,145,2021,465.5542297,115.0808182,5.230946064,73.23324585,10.46189213,104.618927,31.38567734,125.5427094,10.46189213,1911.6999550697026
18,Malvern West,145,2022,442.2706604,286.1751404,15.45435813,41.62547302,0,67.64139557,10.40636826,164.8464867,15.60955334,1921.9000401953863
18,Malvern West,145,2023,479.0851135,283.329895,10.30290508,82.42324066,NA,72.12033844,15.4543581,242.1182709,10.30290508,1941.1999533982598
19,Morningside Heights,144,2014,389.2373962,117.1491165,11.33701134,151.1601563,3.779003859,56.68505859,7.558007717,162.4971619,26.45302773,2646.2000055892886
19,Morningside Heights,144,2015,457.9863892,90.840271,11.35503387,151.4004517,0,102.1953049,18.92505646,155.1854706,22.71006775,2641.9999120794832
19,Morningside Heights,144,2016,340.2518005,60.48920822,3.780575514,158.7841644,0,98.29496002,18.90287781,151.2230225,41.58633041,2645.09988978001
19,Morningside Heights,144,2017,392.3766785,93.42301941,3.736920834,112.1076202,14.94768333,89.68609619,29.89536667,250.3736877,26.15844536,2676.0000212397945
19,Morningside Heights,144,2018,404.4266357,172.8004761,7.353211403,165.4472656,0,66.17890167,7.353211403,191.1835022,40.4426651,2719.8999840751585
19,Morningside Heights,144,2019,410.9090881,207.2727203,3.636363745,130.9090881,0,43.63636398,10.909091,170.9090881,32.72727203,2750.000018799779
19,Morningside Heights,144,2020,297.1983643,155.8479156,0,68.86303711,0,65.23866272,14.49748135,275.4521484,25.37059212,2759.0999766481555
19,Morningside Heights,144,2021,312.2617188,275.9522095,14.52380085,90.77375793,7.261900425,43.5714035,10.89285088,203.3332062,25.41665077,2754.100000809962
19,Morningside Heights,144,2022,364.134552,461.4774475,7.100507686,86.52702332,0,97.34290314,7.210585117,195.2639614,50.47409439,2773.6999810992943
19,Morningside Heights,144,2023,422.4801941,543.1888428,3.550253868,117.1583786,NA,81.65583801,28.40203094,248.5177765,56.80406189,2816.7000882373436
20,West Rouge,143,2014,399.4293823,142.6533508,33.28578186,171.184021,0,57.06134033,0,313.8373718,14.26533508,2103.0000225899757
20,West Rouge,143,2015,285.6598816,138.0689392,19.04399109,157.1129303,0,42.84897995,4.760997772,142.8299408,9.521995544,2100.399946395553
20,West Rouge,143,2016,290.3379211,33.31746674,57.11565781,161.8276978,0,42.83674622,4.759638309,195.1451721,14.27891445,2101.0000956433796
20,West Rouge,143,2017,422.773407,37.57985687,32.88237381,192.5967712,0,93.949646,0,305.3363342,23.4874115,2128.799931827311
20,West Rouge,143,2018,397.6143188,64.7279129,92.46844482,166.4432068,0,64.7279129,4.623422146,258.9116516,23.11711121,2162.8999745167125
20,West Rouge,143,2019,342.2625732,146.0320282,36.50800705,104.9605255,0,104.9605255,13.69050312,182.5400391,18.25400352,2191.300068213243
20,West Rouge,143,2020,299.8500671,90.86366272,31.80228043,86.32047272,4.54318285,118.12275699999999,9.0863657,240.7886963,13.62954903,2201.1000577161453
20,West Rouge,143,2021,299.9182129,172.6801758,13.63264561,99.97273254,4.544215202,31.80950737,27.26529121,140.8706665,18.17686081,2200.599935623316
20,West Rouge,143,2022,279.7202759,302.2783813,17.8603322,99.25558472,0,63.16264343,13.53485203,254.5097339,18.04646873,2216.500030271849
20,West Rouge,143,2023,312.5558167,442.0432129,17.86033249,116.0921631,4.465083122,98.23182678,13.39524937,209.858902,17.86033249,2239.599977343823
21,Woburn North,142,2014,530.6942139,93.23006439,17.9288578,233.0751648,3.585771561,150.602417,3.585771561,218.7320709,28.68617249,2788.799955295687
21,Woburn North,142,2015,610.8955078,57.49604797,10.780509,316.2282715,0,136.5531158,10.780509,212.0166779,28.74802399,2782.799968724864
21,Woburn North,142,2016,622.1455078,79.11676788,7.192433357,151.0411072,0,118.6751556,7.192433357,197.7919159,32.36595154,2780.6999782374705
21,Woburn North,142,2017,631.8554688,78.09449768,28.39799881,134.8904877,0,184.5869904,14.1989994,237.8332367,46.14674759,2817.099934864091
21,Woburn North,142,2018,619.4225464,83.98950195,17.49781227,213.4733124,0,125.9842529,13.99825001,283.4645691,34.99562454,2857.500118920437
21,Woburn North,142,2019,726.5430298,138.3891449,13.83891487,207.583725,0,65.73484802,6.919457436,342.5131531,13.83891487,2890.400036702685
21,Woburn North,142,2020,623.2352905,216.9272156,0,86.08222198,3.443289042,89.5255127,6.886578083,275.4631348,44.76275635,2904.2001112419352
21,Woburn North,142,2021,614.725769,193.3968811,13.81406307,96.69844055,0,34.53515625,24.17461014,269.3742371,27.62812614,2895.6001029460667
21,Woburn North,142,2022,627.3568726,366.8152161,30.50847458,119.98629,6.856359482,78.84812927,23.99725723,352.5423729,41.13815689,2917.0000041854964
21,Woburn North,142,2023,630.5084839,349.1525574,44.0677948,149.1525421,6.779661179,74.57627106,13.55932236,311.8644104,30.50847435,2949.999956376479
22,Golfdale-Cedarbrae-Woburn,141,2014,765.5042114,81.35794067,25.88661575,203.3948517,7.396176338,159.0177917,3.698088169,133.1311646,11.09426403,2704.100080931312
22,Golfdale-Cedarbrae-Woburn,141,2015,842.7696533,70.54019165,14.85056591,215.3332062,11.13792419,196.7700043,11.13792419,207.9079285,18.56320763,2693.499927425543
22,Golfdale-Cedarbrae-Woburn,141,2016,725.3924561,37.19961166,55.7994194,141.3585358,3.719961405,141.3585358,7.43992281,182.2781067,18.59980583,2688.199999327233
22,Golfdale-Cedarbrae-Woburn,141,2017,836.758667,95.41984558,36.69993973,176.1597137,0,271.5795593,11.00998211,176.1597137,36.69993973,2724.799981067899
22,Golfdale-Cedarbrae-Woburn,141,2018,722.2041626,126.3857269,10.83306217,137.2187958,0,148.0518494,28.88816643,245.5494232,14.44408321,2769.300017324492
22,Golfdale-Cedarbrae-Woburn,141,2019,806.0202026,74.89568329,7.132922173,142.6584473,0,167.6236725,39.23107147,221.120575,14.26584435,2803.8999428424504
22,Golfdale-Cedarbrae-Woburn,141,2020,596.3579712,131.340744,10.64924908,141.9899902,3.549749851,99.39299011,42.59699631,227.1839905,14.1989994,2817.099931806865
22,Golfdale-Cedarbrae-Woburn,141,2021,656.9135742,177.5442047,7.101768494,95.87387085,7.101768494,74.56856537,46.16149521,216.6039276,17.75442123,2816.1999883363046
22,Golfdale-Cedarbrae-Woburn,141,2022,698.3880615,264.5409241,6.980559143,102.2891617,3.527212381,56.4353981,24.69048691,366.479355,24.69048691,2835.1000097959145
22,Golfdale-Cedarbrae-Woburn,141,2023,673.6239624,272.2418213,27.9222374,83.76670837,3.490279675,111.6889496,10.47083855,265.261261,31.41251564,2865.099978218946
23,Guildwood,140,2014,515.2556152,20.20610237,30.3091526,131.3396606,0,161.648819,0,232.3701782,10.10305119,989.7999846193622
23,Guildwood,140,2015,394.5770874,NA,20.23472214,202.347229,0,60.70417023,0,596.9243164,20.23472214,988.4000172687169
23,Guildwood,140,2016,444.8488464,40.44080353,60.66120529,181.9836273,0,80.88160706,0,313.4162292,10.11020088,989.1000135456347
23,Guildwood,140,2017,440,50,20,100,0,100,0,400,40,1000
23,Guildwood,140,2018,463.9684143,19.74333572,9.871667862,157.9466858,0,49.35834122,19.74333572,276.4067078,9.871667862,1012.9999920557092
23,Guildwood,140,2019,293.1118774,29.31118774,19.54079056,97.7039566,9.770395279,68.39276886,0,273.5710754,9.770395279,1023.4999777596865
23,Guildwood,140,2020,360.4832458,107.1706924,38.97116089,29.22837067,0,29.22837067,9.742790222,331.2548828,9.742790222,1026.3999903209926
23,Guildwood,140,2021,351.8373718,127.0523834,0,68.41281891,19.54652023,39.09304047,0,322.5175781,NA,1023.200003337451
23,Guildwood,140,2022,360.0272522,87.57419586,19.35733643,58.38279724,0,58.38279724,9.730465889,503.2907472,19.46093178,1027.6999803183232
23,Guildwood,140,2023,542.0054321,222.609375,19.35733604,87.10801697,NA,9.678668022,NA,280.681366,38.71467209,1033.1999770376472
24,Scarborough Village,139,2014,948.0068359,117.7648239,11.77648258,294.4120483,5.888241291,176.6472321,5.888241291,329.7415161,17.66472435,1698.2999900749976
24,Scarborough Village,139,2015,897.3905029,88.55827332,11.80776978,283.3864746,0,200.7320862,11.80776978,141.6932373,11.80776978,1693.7999623218434
24,Scarborough Village,139,2016,1127.841797,53.14437485,11.80986118,200.7676392,35.4295845,147.6232605,17.71479225,206.6725769,11.80986118,1693.4999262134988
24,Scarborough Village,139,2017,870.4796143,122.685051,40.89501572,186.9486542,5.842145443,140.2114868,29.21072578,274.5808411,23.36858177,1711.7000507796959
24,Scarborough Village,139,2018,1033.069824,115.4267883,0,259.7102661,0,63.48473358,11.54267883,305.8809814,23.08535767,1732.6999186455766
24,Scarborough Village,139,2019,994.9110718,114.3575974,11.43575954,228.7151947,0,160.1006317,34.30727768,320.2012634,11.43575954,1748.9000266646747
24,Scarborough Village,139,2020,1027.221313,131.2560577,51.36106873,159.7899933,5.706785202,97.01535034,17.12035561,513.6106567,39.94749832,1752.300090759507
24,Scarborough Village,139,2021,687.1278076,148.8776855,28.63032532,125.9734344,0,85.89097595,17.17819595,355.0160217,34.35639191,1746.3999953536447
24,Scarborough Village,139,2022,889.8015137,142.5963898,50.81013945,114.0771179,0,51.33470154,5.703855991,287.9241235,45.63084793,1753.19998446975
24,Scarborough Village,139,2023,863.7723999,259.6962585,33.87342453,203.2405548,NA,135.4936981,11.29114246,400.8355408,22.58228493,1771.2999398650963
25,Eglinton East,138,2014,801.6640015,82.33306122,4.33331871,177.6660767,0,285.999054,17.33327484,125.6662445,34.66654968,2307.699979715255
25,Eglinton East,138,2015,775.0925293,91.44350433,13.06335735,330.938385,0,200.3048096,8.70890522,209.0137177,13.06335735,2296.5000083377786
25,Eglinton East,138,2016,894.7276611,96.01955414,8.729050636,283.6941223,0,187.6745758,13.09357548,183.3100586,26.18715096,2291.19998087427
25,Eglinton East,138,2017,880.0690308,125.1078491,21.57032013,241.5875702,4.314064026,159.6203613,47.45470047,228.6453857,4.314064026,2317.999984780285
25,Eglinton East,138,2018,786.3640137,46.75677872,4.25061655,191.2777405,4.25061655,148.7715759,8.501233101,284.7912903,25.50369835,2352.6000271749213
25,Eglinton East,138,2019,828.392395,113.5360184,21.02518845,243.8921814,8.410075188,121.9460907,25.23022652,264.9173584,33.64030075,2378.100054865907
25,Eglinton East,138,2020,611.6464233,138.2488403,46.08295059,96.35525513,8.378718376,87.97653961,46.08295059,385.4210205,33.5148735,2386.999979698892
25,Eglinton East,138,2021,675.5339355,176.2262421,8.39172554,125.875885,12.58758831,67.13380432,33.56690216,209.7931366,4.19586277,2383.299957844975
25,Eglinton East,138,2022,726.1194458,183.6164093,28.88861376,162.7509003,4.173099995,104.327507,25.03860092,429.2022616,37.55790329,2396.299961479423
25,Eglinton East,138,2023,693.3267212,202.2202911,66.0311203,218.7280731,4.126945019,136.1891785,12.38083458,404.4405823,33.01556015,2423.100031529551
26,West Hill,136,2014,1262.33313,79.80267334,58.03830338,322.8380737,0,228.5258331,0,214.0162506,25.39175797,2756.8000215600773
26,West Hill,136,2015,1429.346802,65.13479614,57.89759445,238.8275757,7.237199306,231.5903778,3.618599653,242.446167,21.71159744,2763.500078828315
26,West Hill,136,2016,1520.611084,54.05015945,90.08359528,259.4407654,0,277.457489,21.62006378,230.6140137,28.82675171,2775.200078707305
26,West Hill,136,2017,1429.488037,110.5090561,46.34250641,310.1383057,0,231.7125397,10.69442463,392.1289063,35.64808273,2805.200110954129
26,West Hill,136,2018,1482.574463,94.85665894,24.59246826,361.8605957,3.513209581,175.6604767,17.56604767,270.5171509,17.56604767,2846.400032724697
26,West Hill,136,2019,1525.629883,159.8609924,41.7028656,267.5933838,6.950478077,250.2172089,31.27715111,198.088623,13.90095615,2877.500007647661
26,West Hill,136,2020,1164.281494,190.5817871,38.11635971,197.5120392,6.93024683,124.7444458,24.2558651,443.5357971,31.18611145,2885.9000313200886
26,West Hill,136,2021,1139.324097,257.0426331,62.52388,246.6219788,0,149.3626099,17.36774445,489.7703857,13.89419556,2878.899874615748
26,West Hill,136,2022,1319.926758,207.3183441,58.10178065,155.4887543,3.455305576,217.6842499,24.18713951,505.8272668,44.91897202,2894.0999770231188
26,West Hill,136,2023,1514.064087,276.8378906,51.26627731,184.5585938,6.835503578,191.394104,37.59526825,498.9917603,68.35503387,2925.899925925659
27,Morningside,135,2014,678.5934448,117.7724152,28.04105186,168.2463074,0,95.33957672,11.21642113,140.2052612,5.608210564,1783.100042112284
27,Morningside,135,2015,783.6725464,95.844841,16.91379547,112.7586365,5.637931824,129.6724396,0,191.689682,5.637931824,1773.7000056788004
27,Morningside,135,2016,921.7893066,79.17208862,16.96544647,107.4478302,0,56.55149078,5.655148983,113.1029816,NA,1768.2999665207876
27,Morningside,135,2017,890.3074341,67.19300842,0,89.59068298,0,106.3889389,5.599417686,201.5790405,11.19883537,1785.8999477043678
27,Morningside,135,2018,746.062439,66.31666565,5.526388645,105.0013809,5.526388645,71.8430481,5.526388645,187.8972168,11.05277729,1809.5000222896892
27,Morningside,135,2019,968.5362549,43.77565002,5.471956253,93.02325439,5.471956253,98.49520874,16.41586876,186.0465088,21.88782501,1827.4999939808654
27,Morningside,135,2020,578.6973877,174.7010956,0,98.26937103,5.459409237,43.6752739,43.6752739,147.4040527,10.91881847,1831.699991273349
27,Morningside,135,2021,454.7695923,175.3328552,0,87.66642761,0,27.39575958,16.43745613,115.0621872,5.4791517259999996,1825.10003758666
27,Morningside,135,2022,681.7562256,283.6105957,5.416237881,59.99454498,5.454049587,92.71884155,38.17834854,595.7861669,16.36214828,1833.49994185957
27,Morningside,135,2023,709.5271606,270.8118896,10.83247566,43.32990265,NA,16.24871445,21.66495132,265.3956604,16.24871445,1846.3000047696835
28,Highland Creek,134,2014,395.6177673,190.2008514,106.5124741,213.0249481,0,136.9446106,0,205.4169159,22.8241024,1314.4000168366554
28,Highland Creek,134,2015,392.9727173,84.75881958,84.75881958,277.3925171,7.705347538,238.8657684,15.41069508,208.0443878,38.52673721,1297.8000190549105
28,Highland Creek,134,2016,553.3042603,62.3441391,116.8952637,272.7556152,0,85.72319031,0,249.3765564,7.793017387,1283.1999515330679
28,Highland Creek,134,2017,522.6748657,107.6095276,15.37279034,222.9054565,0,130.6687164,7.686395168,399.6925354,7.686395168,1300.9999994725208
28,Highland Creek,134,2018,376.7897644,150.7158966,0,226.0738525,0,37.67897415,15.07159042,158.2516937,22.60738564,1326.9999539297464
28,Highland Creek,134,2019,468.3666687,200.7285767,22.30317497,245.3349152,7.434391499,104.0814819,0,327.1132202,7.434391499,1345.0999870435485
28,Highland Creek,134,2020,244.227356,111.0124359,0,103.6116028,0,14.80165768,0,340.4381409,14.80165768,1351.1999859671741
28,Highland Creek,134,2021,310.4212952,221.7294922,0,36.95491409,7.390983105,14.78196621,0,177.3835907,7.390983105,1352.999960036247
28,Highland Creek,134,2022,439.335144,322.1791077,21.62785668,102.5115356,0,14.64450455,0,252.3249946,14.64450455,1365.6999859769926
28,Highland Creek,134,2023,461.3942871,432.5571289,21.62785721,100.9300003,NA,21.62785721,21.62785721,158.6042786,14.41857147,1387.0999661105254
29,Centennial Scarborough,133,2014,365.7644348,58.52231216,7.315289021,95.09875488,0,65.83760071,0,256.0351257,7.315289021,1367.0000481960474
29,Centennial Scarborough,133,2015,277.8387146,51.18081284,14.62308979,109.673172,0,21.93463516,0,95.05008698,7.311544895,1367.6999641575508
29,Centennial Scarborough,133,2016,350.1604919,36.47505188,43.77006149,131.3101807,0,80.24510956,14.59002018,342.8654785,7.29501009,1370.7999934415216
29,Centennial Scarborough,133,2017,331.1496582,64.7901535,28.79562378,165.5748291,7.198905945,86.38687134,0,316.7518616,28.79562378,1389.100029576899
29,Centennial Scarborough,133,2018,311.0419922,70.69136047,42.41481781,113.1061783,7.069136143,42.41481781,14.13827229,205.0049438,14.13827229,1414.5999930359244
29,Centennial Scarborough,133,2019,342.2982788,153.6849518,20.95703888,202.5847015,0,6.98567915,0,230.52742,20.95703888,1431.5000406014312
29,Centennial Scarborough,133,2020,326.7292175,69.51686096,20.85505676,55.61348724,0,20.85505676,6.951685905,278.0674438,6.951685905,1438.5000631294934
29,Centennial Scarborough,133,2021,257.2302551,152.9477234,0,34.76084518,0,41.7130127,0,250.2780914,13.90433788,1438.4000041369939
29,Centennial Scarborough,133,2022,268.8728027,179.2485352,0,144.7776642,0,NA,0,403.8606339,27.5766983,1450.4999988234213
29,Centennial Scarborough,133,2023,266.9587097,314.8743896,NA,116.3666229,NA,47.91566849,NA,198.5077667,13.69019127,1460.900078661116
30,Milliken,130,2014,249.5229645,143.1087646,7.338911057,374.2844543,0,143.1087646,0,245.8535156,58.71128845,2725.2000687095074
30,Milliken,130,2015,318.2003174,159.1001587,7.400007248,432.9004211,0,136.9001312,7.400007248,240.5002441,51.80005264,2702.7000067976674
30,Milliken,130,2016,327.6491089,130.3149872,0,249.4601288,0,148.9314117,3.723285437,160.1012726,33.50956726,2685.8000711626537
30,Milliken,130,2017,283.3903809,220.8236694,11.04118347,415.8845825,0,106.7314453,0,276.0296021,69.92749786,2717.0999860849543
30,Milliken,130,2018,264.7613525,330.0449829,14.50747108,435.2241516,0,61.65675354,7.253735542,275.6419678,65.28362274,2757.1999957962144
30,Milliken,130,2019,344.0366821,304.6158142,10.75114632,473.0504456,3.583715677,125.4300461,3.583715677,304.6158142,78.84174347,2790.400122859457
30,Milliken,130,2020,303.5497437,253.5533142,3.571173429,214.2704163,0,114.2775497,3.571173429,299.9785767,42.8540802,2800.200025337725
30,Milliken,130,2021,228.9967041,286.2458801,28.62458801,318.4485474,3.578073502,57.24917603,21.46844101,239.7309265,28.62458801,2794.800049700803
30,Milliken,130,2022,238.1460114,366.105072,3.524725953,223.9283447,3.554418087,120.8502197,14.21767235,292.5522541,42.65301895,2813.400048404086
30,Milliken,130,2023,313.7006226,1050.368286,10.57417774,271.4039001,NA,130.414856,10.57417774,313.7006226,84.59342194,2837.099884034467
31,Agincourt North,129,2014,221.2097168,56.12783813,13.2065506,151.8753357,3.30163765,118.8589554,0,208.0031738,3.30163765,3028.8000441036684
31,Agincourt North,129,2015,257.2755432,96.89598846,23.38868713,180.4270172,0,123.6259155,0,157.0383301,20.0474453,2992.9001040002468
31,Agincourt North,129,2016,276.6251831,60.72259903,6.746955395,165.300415,0,50.60216522,3.373477697,161.9269257,16.86738777,2964.2998905980658
31,Agincourt North,129,2017,250.2168579,110.0954132,0,163.4750061,0,73.39694214,3.336224794,320.2775879,36.69847107,2997.3999605563745
31,Agincourt North,129,2018,262.7861938,137.9627533,3.284827471,226.6530914,0,144.5324097,0,226.6530914,13.13930988,3044.2999627631125
31,Agincourt North,129,2019,263.0211792,136.3813477,3.247174978,181.8417969,0,120.1454697,6.494349957,224.055069,9.741524696,3079.599910789237
31,Agincourt North,129,2020,239.4899445,203.8900909,3.236350775,55.01796341,0,55.01796341,6.47270155,194.1810455,16.18175316,3089.9000855545314
31,Agincourt North,129,2021,200.9659271,168.5520782,6.482771873,58.34494781,0,22.68970299,0,103.72435,6.482771873,3085.1000910790713
31,Agincourt North,129,2022,251.4344635,157.9524231,0,77.36444855,0,35.4587059,3.223518848,143.9539347,9.670556068,3102.2000291539193
31,Agincourt North,129,2023,262.3160706,380.6781921,12.79590511,140.7549591,NA,47.98464584,3.198976278,95.96929169,15.99488163,3125.9998601092193
32,Agincourt South-Malvern West,128,2014,439.7648926,139.5407867,4.228508472,308.6811218,0,109.9412231,0,363.6517334,80.34166718,2364.9000124845347
32,Agincourt South-Malvern West,128,2015,430.8361511,121.3033829,20.91437721,250.9725189,0,100.3890076,0,296.9841614,37.64587784,2390.700031485821
32,Agincourt South-Malvern West,128,2016,536.835144,111.4965286,12.38850307,251.8995667,0,86.71952057,8.259002686,256.0290833,49.5540123,2421.6000284809966
32,Agincourt South-Malvern West,128,2017,446.769989,140.8734131,28.17468262,370.2958374,0,136.848465,16.09981918,338.0961914,56.34936523,2484.499915682564
32,Agincourt South-Malvern West,128,2018,461.5324402,148.6290894,23.46775055,363.7501526,3.911291838,129.0726318,19.55645943,281.6130066,39.11291885,2556.7000219717165
32,Agincourt South-Malvern West,128,2019,462.1142578,221.5093231,11.45737839,381.9126282,0,106.9355316,11.45737839,221.5093231,57.28689194,2618.4000592417988
32,Agincourt South-Malvern West,128,2020,477.2462463,236.7442017,18.78922272,304.3854065,7.515688896,67.6411972,3.757844448,248.0177307,30.06275558,2661.1000292743424
32,Agincourt South-Malvern West,128,2021,565.0557861,144.9814148,37.17472076,163.5687714,3.717472076,70.63197327,18.58736038,319.7026062,22.30483246,2689.9998856590773
32,Agincourt South-Malvern West,128,2022,645.8204346,299.193634,21.35459302,193.3812561,0,120.407196,10.94610882,295.4052034,36.48703003,2740.699899185259
32,Agincourt South-Malvern West,128,2023,679.7879028,452.0055542,42.70918655,238.4596252,NA,64.06378174,21.35459328,256.255127,39.15008545,2809.69989629536
33,Dorset Park,126,2014,539.6762085,203.8776703,19.98800659,363.7817383,3.997601509,131.9208527,3.997601509,307.8153076,23.98560905,2501.499934103543
33,Dorset Park,126,2015,667.2793579,167.8187561,15.98273849,335.6375122,0,147.840332,15.98273849,403.5641479,39.95684814,2502.6999265430145
33,Dorset Park,126,2016,780.3479614,175.1801605,11.94410133,282.677063,0,230.9192963,39.81367111,266.7516174,47.77640533,2511.700032487584
33,Dorset Park,126,2017,767.8676758,161.4490967,15.75113201,346.5249023,3.937783003,137.822403,27.56448174,232.3291931,15.75113201,2539.5000485837613
33,Dorset Park,126,2018,781.432251,318.7932434,7.775444984,256.5896912,0,136.0702972,31.10177994,244.9265289,58.31583786,2572.1999539023377
33,Dorset Park,126,2019,635.2995605,234.8683167,3.850300312,219.4671173,7.700600624,146.3114166,26.95210266,300.3234253,30.8024025,2597.199970831713
33,Dorset Park,126,2020,495.3916931,280.3379517,11.52073765,276.4976807,0,96.00614166,23.0414753,433.9477844,19.2012291,2604.000062915064
33,Dorset Park,126,2021,543.1223755,188.7446594,30.81545448,146.3734131,11.55579567,65.48284149,23.11159134,354.3777161,15.40772724,2596.100001775751
33,Dorset Park,126,2022,716.6672974,264.4387512,57.06459712,279.7685242,0,114.9733658,19.16222763,304.344518,30.65956306,2609.300029154644
33,Dorset Park,126,2023,829.3388062,372.8220215,57.06459808,251.0842285,15.21722603,114.1291962,7.608613014,369.0177307,91.30335236,2628.6000169082645
34,Ionview,125,2014,697.8417358,35.97122192,0,237.4100647,NA,129.4963989,7.194244385,86.33093262,7.194244385,1389.9999817121857
34,Ionview,125,2015,737.6110229,85.93526459,21.48381615,322.2572327,NA,107.419075,0,207.6768799,28.6450882,1396.3999561048317
34,Ionview,125,2016,740.1608276,42.70158768,0,120.9878311,NA,64.05238342,0,106.7539673,28.46772385,1405.1000285603334
34,Ionview,125,2017,601.5569458,35.38570404,14.15428162,205.2370911,NA,92.00283051,0,155.6970978,7.077140808,1413.000059154167
34,Ionview,125,2018,624.9561157,21.06593704,21.06593704,133.4176025,NA,49.15385056,7.021978855,147.4615479,7.021978855,1424.099993010117
34,Ionview,125,2019,558.8543701,55.8854332,27.9427166,132.7279053,NA,83.82815552,6.98567915,209.5703735,13.9713583,1431.4999448905626
34,Ionview,125,2020,596.2401733,42.08754349,28.05836105,105.2188568,NA,14.02918053,7.014590263,231.4814758,NA,1425.6000149998613
34,Ionview,125,2021,650.3605347,70.69136047,7.069136143,127.2444534,NA,28.27654457,0,282.7654419,21.20740891,1414.5999809542257
34,Ionview,125,2022,587.361145,70.7664032,21.24495432,84.91967773,NA,28.30656052,14.15328026,304.511012,14.15328026,1413.0999421148297
34,Ionview,125,2023,892.2880859,240.7761536,35.40825653,106.2247696,NA,28.32660484,14.16330242,226.6128387,14.16330242,1412.0999931643264
35,Kennedy Park,124,2014,1232.195313,146.9590759,5.652272224,276.9613342,0,440.8772278,0,186.5249786,33.91363144,1769.2000423962008
35,Kennedy Park,124,2015,1429.706177,68.08124542,34.04062271,204.2437286,0,380.1202698,0,283.6718445,17.02031136,1762.59992475363
35,Kennedy Park,124,2016,1215.218628,73.82169342,28.39295769,261.21521,0,164.6791534,11.35718346,193.072113,28.39295769,1760.9999967841177
35,Kennedy Park,124,2017,1109.734131,168.9950409,56.3316803,281.6584167,0,304.1910706,16.89950371,416.8544312,22.53267288,1775.1999735511424
35,Kennedy Park,124,2018,1231.678101,167.1961212,66.87844849,267.5137939,11.14640808,172.7693176,16.71961212,328.8190308,111.4640808,1794.2999865027234
35,Kennedy Park,124,2019,1227.604492,132.7140045,16.58925056,226.7197571,5.52974987,160.3627472,11.05949974,387.082489,33.17850113,1808.4000298689034
35,Kennedy Park,124,2020,1011.944275,171.4222565,22.11899948,176.9519958,0,149.3032532,5.52974987,403.6717529,49.76774979,1808.3999734076267
35,Kennedy Park,124,2021,1013.024597,183.6802826,50.09462357,194.8124237,11.13213825,155.8499451,11.13213825,361.7944946,16.69820786,1796.6000089137026
35,Kennedy Park,124,2022,1254.022827,294.085022,44.02135035,244.1460419,0,166.4632111,16.64632034,528.2562043,27.74386787,1802.200048787469
35,Kennedy Park,124,2023,1744.345947,247.6201019,44.02135086,225.6094208,NA,181.5880737,38.51868057,401.6948242,66.0320282,1817.3000633572142
36,Cliffcrest,123,2014,499.3218994,117.1248932,36.98680878,258.9076538,0,178.769577,0,240.4142456,24.65787125,1622.20002962682
36,Cliffcrest,123,2015,610.5834351,80.17762756,12.33501911,357.7155457,6.167509556,135.6852112,12.33501911,345.3805237,30.8375473,1621.4000300186003
36,Cliffcrest,123,2016,677.7990112,67.7798996,43.13266373,363.5467224,0,154.0452271,0,388.1939697,18.48542786,1622.8999774616373
36,Cliffcrest,123,2017,720.4698486,108.9786301,54.48931503,217.9572601,0,205.848526,0,429.8601379,42.38057709,1651.6999320823486
36,Cliffcrest,123,2018,818.0201416,136.3366852,5.9276824,314.1671753,5.9276824,88.91523743,11.8553648,385.2993469,17.78304672,1687.0000258194132
36,Cliffcrest,123,2019,793.0029297,110.7871704,23.32361603,268.2215881,5.830904007,169.0962067,5.830904007,623.9066772,17.49271202,1714.9999691861165
36,Cliffcrest,123,2020,635.5809937,109.7821655,28.89004517,208.008316,0,132.8942108,5.778008938,508.4647827,52.00207901,1730.6999594125843
36,Cliffcrest,123,2021,564.1261597,178.4480743,11.51277924,172.6916809,5.756389618,74.83306122,0,420.2164307,17.26916885,1737.200062697252
36,Cliffcrest,123,2022,762.6202393,239.0302277,16.73920321,119.5151138,0,79.67674255,22.76478195,435.2192836,28.45597839,1757.0999705305094
36,Cliffcrest,123,2023,1021.09137,334.7840576,16.7392025,133.91362,5.579734325,72.5365448,22.3189373,273.4069824,11.15946865,1792.2000457216675
37,Birchcliffe-Cliffside,122,2014,628.0561523,58.31949997,44.86115646,327.4864197,0,71.77784729,0,372.3475952,13.45834637,2229.1000492122716
37,Birchcliffe-Cliffside,122,2015,597.1623535,76.32902527,80.8189621,363.6853333,4.489942551,116.7385025,0,484.9137878,22.44971275,2227.200010524441
37,Birchcliffe-Cliffside,122,2016,887.414856,67.22839355,98.60164642,340.6238708,0,112.0473251,0,416.8160706,26.89135933,2231.199969904493
37,Birchcliffe-Cliffside,122,2017,714.6661987,57.70596695,75.46164703,368.4303894,4.438920498,66.5838089,0,257.4573975,22.19460297,2252.799982605362
37,Birchcliffe-Cliffside,122,2018,871.2021484,105.0696106,35.02320099,306.4530334,4.377900124,96.31380463,0,429.0342407,35.02320099,2284.2000604047175
37,Birchcliffe-Cliffside,122,2019,904.7619019,112.5541153,21.64502144,246.7532501,0,138.5281372,8.658008575,402.5974121,30.30303001,2310.000007306895
37,Birchcliffe-Cliffside,122,2020,630.5878296,86.38189697,60.46732712,198.67836,0,90.70098877,0,380.0803223,21.59547424,2315.299997029946
37,Birchcliffe-Cliffside,122,2021,615.3846436,130.0108337,47.67063904,182.0151672,0,60.67172241,4.333694458,294.6912231,17.33477783,2307.49989420113
37,Birchcliffe-Cliffside,122,2022,685.5812378,198.3442535,25.62241107,133.6667786,4.311831474,64.67747498,0,294.6577273,25.87099075,2319.1999902188686
37,Birchcliffe-Cliffside,122,2023,892.5139771,303.1985168,25.62241173,149.4640656,NA,55.51522446,4.270401955,230.6016998,29.89281273,2341.700022212459
38,Downtown Yonge East,168,2014,2594.75,204.2514496,1195.249268,665.7084351,7.564868927,673.2733154,0,1460.019653,173.9919739,1321.8999903651604
38,Downtown Yonge East,168,2015,3026.846191,144.4976807,981.0631714,623.621582,15.21028233,768.1192627,30.42056465,1201.612305,83.65655518,1314.899981318542
38,Downtown Yonge East,168,2016,2722.696777,129.6522217,892.3123779,648.2611084,7.626601696,762.6601563,22.87980461,1090.604004,228.7980499,1311.1999948571577
38,Downtown Yonge East,168,2017,3436.053223,101.2731476,1164.641235,810.1851807,0,882.5231323,0,1642.071777,144.6759186,1382.4000071374915
38,Downtown Yonge East,168,2018,3452.536133,329.4666748,1290.411133,844.2583618,13.72777843,981.5361328,13.72777843,1249.227783,137.2777863,1456.9000312327796
38,Downtown Yonge East,168,2019,4050.698975,280.9355774,1123.74231,1182.542847,0,751.3393555,32.66692734,1659.47998,130.6677094,1530.6000367504475
38,Downtown Yonge East,168,2020,3184.354004,156.7103424,639.3781738,902.6515503,6.268413544,539.0835571,25.07365417,1203.5354,150.441925,1595.300018031538
38,Downtown Yonge East,168,2021,3633.606201,272.9754333,1000.909912,976.6454468,0,582.3475952,42.46284485,715.8022461,157.7191315,1648.5000488912365
38,Downtown Yonge East,168,2022,3168.952393,250.948349,982.0784553,641.9608765,0,443.5366211,17.50802422,449.4257338,110.8841553,1713.5000235391672
38,Downtown Yonge East,168,2023,3639.793701,249.6809692,1137.435547,654.7189941,11.09693146,499.3619385,27.74232864,626.9766235,138.7116394,1802.2999485376602
39,Church-Wellesley,167,2014,1265.032959,62.40072632,504.8786011,346.0404053,0,232.5845184,0,561.6065063,56.72793198,1762.7999208517067
39,Church-Wellesley,167,2015,1136.489014,55.16936874,579.2783813,402.7363892,11.03387356,209.6436005,5.516936779,375.1517029,27.58468437,1812.6000116354842
39,Church-Wellesley,167,2016,1585.940796,42.86326599,519.7171021,332.1903076,16.07372475,273.2533264,5.357908249,358.9798584,64.29489899,1866.4000620108898
39,Church-Wellesley,167,2017,1592.307251,87.88709259,666.9078979,449.775116,5.169828892,227.4724731,0,279.1707458,51.69828796,1934.3000529990052
39,Church-Wellesley,167,2018,1803.956787,129.5659485,458.4641418,393.6811829,4.983305931,269.0985107,0,264.1152039,104.6494217,2006.6999531735457
39,Church-Wellesley,167,2019,1687.641602,81.97116852,578.6199951,617.1946411,4.821833134,231.447998,4.821833134,443.6086731,101.2584991,2073.9000483587274
39,Church-Wellesley,167,2020,1438.443115,37.60635376,512.3865967,460.6778564,0,267.945282,4.70079422,300.8508301,89.31509399,2127.299973207491
39,Church-Wellesley,167,2021,1841.425171,152.2983246,452.2798462,401.5137634,0,189.2191315,9.230200768,249.2154388,96.91711426,2166.799967132631
39,Church-Wellesley,167,2022,1730.725952,71.92627716,374.9237074,328.1636353,4.495392323,193.3018646,8.990784645,231.0576336,89.90784454,2224.5000692056415
39,Church-Wellesley,167,2023,1456.098999,161.3043823,444.6769409,331.3279419,4.359578133,239.7767944,4.359578133,340.0470886,113.3490295,2293.8000797293316
40,St Lawrence-East Bayfront-The Islands,166,2014,806.8091431,88.66033936,549.6940918,252.6819763,0,155.1555939,17.73206902,549.6940918,70.92827606,2255.799919429545
40,St Lawrence-East Bayfront-The Islands,166,2015,861.847168,47.16576767,420.2041016,210.1020508,0,64.31695557,0,493.0966492,81.46813965,2332.20004036725
40,St Lawrence-East Bayfront-The Islands,166,2016,944.881897,29.00953102,530.460022,256.9415588,0,66.30750275,12.43265629,364.6912537,66.30750275,2412.999981520442
40,St Lawrence-East Bayfront-The Islands,166,2017,902.7915039,63.35379028,471.1938171,269.2536011,3.959611893,83.15184784,15.83844757,356.3650818,79.19223785,2525.5000630273435
40,St Lawrence-East Bayfront-The Islands,166,2018,1200.257446,75.72602081,579.3040771,295.33148190000003,0,159.0246429,7.572602272,272.613678,64.36711884,2641.100049463888
40,St Lawrence-East Bayfront-The Islands,166,2019,1025.268188,69.07834625,530.812561,378.1130676,0,116.3424835,0,447.1914063,101.799675,2750.4998526297786
40,St Lawrence-East Bayfront-The Islands,166,2020,977.668396,45.71830368,453.6662598,344.6456909,0,158.2556763,14.0671711,562.6868286,63.30226898,2843.4999140547034
40,St Lawrence-East Bayfront-The Islands,166,2021,1252.65979,106.3902817,453.0166931,514.791687,0,147.5736084,6.863889217,264.2597351,78.9347229,2913.7999232816437
40,St Lawrence-East Bayfront-The Islands,166,2022,1336.73877,129.3618164,399.9612941,424.572113,6.633939266,112.7769699,16.5848484,325.774925,76.29029846,3014.79996723668
40,St Lawrence-East Bayfront-The Islands,166,2023,1435.344971,138.6962585,341.9024048,312.8729553,NA,135.4707642,9.676483154,358.0298767,99.99032593,3100.299990530987
41,Harbourfront-CityPlace,165,2014,565.0692139,60.38908005,284.6913757,116.464653,0,47.44856262,4.31350565,388.2155151,51.76206589,2318.3000732930213
41,Harbourfront-CityPlace,165,2015,576.7151489,56.06952667,292.3625183,256.3178406,0,28.03476334,4.004966259,372.461853,60.07449341,2496.8999041322045
41,Harbourfront-CityPlace,165,2016,537.6745605,37.33851242,459.2636719,141.8863373,0,56.00776672,0,257.6357117,85.87857819,2678.199985249256
41,Harbourfront-CityPlace,165,2017,659.5397949,72.47689819,554.4482422,228.3022308,0,57.98151779,3.623844862,257.2929993,43.48613739,2759.4999029223854
41,Harbourfront-CityPlace,165,2018,523.965271,31.64890862,453.6343384,284.8401794,0,91.43017578,21.09927177,225.0588989,66.81436157,2843.6999214781927
41,Harbourfront-CityPlace,165,2019,633.7786865,47.96163177,441.9321594,280.9181213,0,68.51661682,6.851661682,137.0332336,68.51661682,2919.0000222577696
41,Harbourfront-CityPlace,165,2020,752.3342285,70.53133392,258.6148987,251.8976288,6.717269897,53.73815918,16.79317474,167.9317474,47.02088928,2977.4000904705613
41,Harbourfront-CityPlace,165,2021,938.7335205,89.5611496,308.4884033,179.1222992,0,76.29283142,19.90247726,169.1710663,29.8537159,3014.7000593870875
41,Harbourfront-CityPlace,165,2022,863.4681396,87.64526367,295.4538234,188.2750092,0,107.1219864,9.738362312,190.61537,48.69181442,3080.6000569195758
41,Harbourfront-CityPlace,165,2023,860.946106,108.0153732,279.5692139,244.6230621,3.176922798,69.89230347,9.530768394,285.9230652,47.65384293,3147.699932799278
42,Wellington Place,164,2014,3034.604004,189.2403412,736.6856079,520.4109497,6.758583546,216.2746735,20.27575111,1432.819702,128.4130859,1479.599972214365
42,Wellington Place,164,2015,3099.981934,120.3876495,583.8800659,457.473053,6.019382477,240.7752991,36.116294860000004,896.8880005,90.29073334,1661.3000042083472
42,Wellington Place,164,2016,3028.661133,135.4499664,888.5517578,617.6518555,0,254.6459351,16.2539959,455.1118774,108.3599701,1845.7000484774933
42,Wellington Place,164,2017,2638.509277,144.0993805,834.7825928,645.9627075,4.968944073,258.3851013,54.65838623,546.5838623,99.37888336,2012.5000303343636
42,Wellington Place,164,2018,2241.063232,183.3180542,852.4289551,806.5994263,4.582951546,242.8964233,41.24656296,467.4610596,109.9908371,2182.000012394117
42,Wellington Place,164,2019,1810.899536,140.6110229,613.5753784,664.706604,4.260940075,217.3079376,34.0875206,468.7033997,123.5672607,2346.8999331611735
42,Wellington Place,164,2020,1280,160,468,720,4,96,8,580,100,2500
42,Wellington Place,164,2021,1424.772095,182.3708191,402.7355652,566.109436,3.799391985,98.78419495,22.79635239,402.7355652,79.78723145,2631.999891884463
42,Wellington Place,164,2022,1698.742065,261.6206055,398.3373744,458.7320251,7.167687893,225.7821808,28.67075157,273.6404572,78.84456635,2790.300009436689
42,Wellington Place,164,2023,1485.971558,245.9300385,277.104248,488.3962708,3.463803291,159.3349457,20.78281975,318.6698914,110.8417053,2887.0000754079038
43,Fort York-Liberty Village,163,2014,646.1928101,66.61781311,266.4712524,219.8387909,0,59.9560318,6.661781311,273.1330261,73.27959442,1501.0999578436815
43,Fort York-Liberty Village,163,2015,671.3018188,89.90649414,425.5574341,221.7693634,11.98753262,41.95636368,11.98753262,341.6446838,83.91272736,1668.400067799727
43,Fort York-Liberty Village,163,2016,538.6289673,76.1697464,326.4417725,152.3394928,0,21.76278496,5.440696239,130.5767212,59.84766006,1837.9999222147294
43,Fort York-Liberty Village,163,2017,522.0692749,52.734272,400.7804565,305.8587646,0,10.54685402,0,205.6636658,42.18741608,1896.300065139114
43,Fort York-Liberty Village,163,2018,664.31604,66.43160248,521.2325439,219.7352905,5.110123158,25.55061531,15.330369,163.523941,40.88098526,1956.8999116745697
43,Fort York-Liberty Village,163,2019,621.1488647,94.41462708,596.3029175,412.4428406,0,39.75352859,4.969191074,233.5519714,59.63029099,2012.4000397291559
43,Fort York-Liberty Village,163,2020,452.2906189,77.81344604,320.9804382,223.7136536,0,68.08676147,4.863340378,213.986969,19.45336151,2056.200065041853
43,Fort York-Liberty Village,163,2021,734.2355347,67.18495178,259.1419373,196.7559204,0,33.59247589,9.597849846,182.3591461,81.58172607,2083.799990183177
43,Fort York-Liberty Village,163,2022,768.9422607,75.01875305,146.3860933,131.2828217,0,46.88672256,18.754688260000002,137.2369625,70.33008575,2132.7999302665976
43,Fort York-Liberty Village,163,2023,763.9524536,105.215004,196.7063141,150.9606628,9.149130821,32.0219574,4.574565411,169.2589264,54.89478683,2185.9999167885385
44,West Queen West,162,2014,982.5410156,90.6960907,385.4584045,256.9722595,0,143.6021423,0,748.2427368,45.34804535,1323.0999819444075
44,West Queen West,162,2015,1028.16272,52.15318298,335.2704468,216.0631866,0,89.40545654,14.90090942,372.5227356,29.80181885,1342.1999972922574
44,West Queen West,162,2016,890.6409912,51.10235214,459.9211426,306.6141052,7.300335884,51.10235214,21.9010067,350.4161072,43.8020134,1369.7999666018516
44,West Queen West,162,2017,976.0298462,43.06014252,480.8382263,222.4773865,0,50.23683167,7.176690102,624.3720093,28.70676041,1393.4000126071146
44,West Queen West,162,2018,752.8848877,49.25415039,464.3962708,197.0166016,7.036307335,56.29045868,7.036307335,408.105835,49.25415039,1421.1999968132711
44,West Queen West,162,2019,795.7376099,96.87240601,608.9122314,449.76474,0,76.11402893,6.919457436,387.489624,41.51674652,1445.200007756979
44,West Queen West,162,2020,698.7258301,82.20304108,561.7207642,431.565979,6.850253582,54.80202866,0,274.0101318,47.9517746,1459.8000475437125
44,West Queen West,162,2021,764.0357666,88.682724,259.2264099,347.9091492,0,88.682724,6.82174778,354.730896,40.93048477,1465.8999603959116
44,West Queen West,162,2022,789.6868286,155.2375793,184.9894292,242.9805603,0,40.49676132,0,251.0570825,40.49676132,1481.5999933470334
44,West Queen West,162,2023,713.5306396,92.49471283,277.4841309,284.0909119,NA,66.06764984,NA,204.8097229,33.03382492,1513.6000334974262
45,Humber Bay Shores,161,2014,395.0146484,47.67418289,61.29537582,88.5377655,0,6.81059742,0,320.0980835,40.86358261,1468.2999791255336
45,Humber Bay Shores,161,2015,484.2158203,50.30813599,81.75072479,125.77034,6.288516998,37.73110199,12.577034,132.0588531,37.73110199,1590.2000052847095
45,Humber Bay Shores,161,2016,449.687561,40.88068771,181.043045,93.44156647,0,17.52029419,0,204.4034271,58.4009819,1712.2999762050345
45,Humber Bay Shores,161,2017,457.678833,107.3567657,214.7135315,84.75534058,0,33.90213394,0,192.1121063,45.20284653,1769.8000029640873
45,Humber Bay Shores,161,2018,409.7688904,49.17226791,338.7422791,76.49019623,0,81.95378113,0,76.49019623,38.24509811,1830.2999997581076
45,Humber Bay Shores,161,2019,498.5679321,116.6861115,392.4896545,180.3330841,5.30391407,53.03914261,10.60782814,100.7743683,26.5195713,1885.4000417569175
45,Humber Bay Shores,161,2020,424.9585266,88.10115814,202.1144257,98.46600342,0,41.45936966,5.182421207,145.1077881,57.00663376,1929.600063706546
45,Humber Bay Shores,161,2021,520.7801514,127.6421967,117.4308167,148.0649414,0,30.63412666,5.105687618,102.1137543,30.63412666,1958.5999912975944
45,Humber Bay Shores,161,2022,602.7397461,259.028656,110.4600903,134.495636,9.962639809,39.85055923,14.94396019,316.972433,59.77584076,2007.4999331456895
45,Humber Bay Shores,161,2023,729.9971313,374.6037903,76.8418045,177.6966705,NA,43.22351456,4.802612782,144.0783844,48.02612686,2082.199963297308
46,Mimico-Queensway,160,2014,871.5109863,164.8804626,105.9945831,247.320694,0,52.99729156,0,406.312561,23.55435181,1698.2000494145693
46,Mimico-Queensway,160,2015,745.6165771,151.4533691,110.6774597,267.9559631,0,75.72668457,5.825129509,279.6062317,52.42616653,1716.7000296297463
46,Mimico-Queensway,160,2016,953.1465454,160.771698,34.45108032,189.4809418,5.741846561,51.67662048,5.741846561,212.4483185,40.1929245,1741.5999753777212
46,Mimico-Queensway,160,2017,1488.044556,124.9503021,124.9503021,244.2210541,5.679559231,96.55250549,5.679559231,244.2210541,28.39779663,1760.6999665673989
46,Mimico-Queensway,160,2018,2311.265381,72.75169373,223.8513641,201.4662323,0,78.34797668,5.596283913,235.0439301,33.57770538,1786.8999527060366
46,Mimico-Queensway,160,2019,1273.039185,226.933075,127.3039246,254.6078491,0,38.74467087,5.534953117,404.0515747,77.48934174,1806.7000820559972
46,Mimico-Queensway,160,2020,1130.722534,187.5344696,49.64147949,187.5344696,5.515719891,16.54715919,5.515719891,259.23883059999997,44.12575912,1813.0000405563687
46,Mimico-Queensway,160,2021,1480.744751,176.8053436,99.45301056,138.1291809,0,44.20133591,11.05033398,193.3808441,38.67617035,1809.900050761686
46,Mimico-Queensway,160,2022,1885.029663,346.22995,136.515044,258.2985229,0,87.93141174,5.495713234,349.4785125,60.45284653,1819.6000133712485
46,Mimico-Queensway,160,2023,2834.052246,376.7815247,27.30300903,185.6604614,5.460601807,43.68481445,10.92120361,294.8724976,136.5150452,1831.300043012686
47,Etobicoke City Centre,159,2014,740.1696167,328.9642639,30.8404007,292.9837952,10.28013325,102.8013382,10.28013325,693.9089966,169.6222076,1945.500014469859
47,Etobicoke City Centre,159,2015,784.1010132,374.7904053,59.17743301,419.1734924,0,113.4234161,4.931452751,606.5687256,192.3266602,2027.79995591517
47,Etobicoke City Centre,159,2016,614.947937,487.2279968,89.87701416,307.4739685,0,99.33774567,14.1911068,458.8457947,146.6414337,2114.0000994913494
47,Etobicoke City Centre,159,2017,618.1884766,325.1213379,59.52926254,256.4337463,0,206.0628204,13.73752213,421.2839966,123.6376953,2183.800007766111
47,Etobicoke City Centre,159,2018,686.6610718,540.468689,48.73078537,314.5350647,8.860142708,88.60142517,4.430071354,474.0176392,217.0735016,2257.2999455711974
47,Etobicoke City Centre,159,2019,589.1712646,507.4613953,68.80832672,318.2384949,4.30052042,94.6114502,8.60104084,507.4613953,116.1140518,2325.3000991657664
47,Etobicoke City Centre,159,2020,596.814209,428.6975098,71.44958496,235.3633423,0,79.85542297,12.60875034,622.0316772,96.66708374,2379.2999204548096
47,Etobicoke City Centre,159,2021,645.8023071,488.4914856,95.21443939,314.6216125,4.13975811,45.53734207,12.41927433,525.7492676,132.4722595,2415.5999178839106
47,Etobicoke City Centre,159,2022,828.3497925,755.6166382,54.91272799,347.5028381,4.040730476,173.7514191,8.081460953,737.3994901,181.8328705,2474.7999197452564
47,Etobicoke City Centre,159,2023,1208.079956,1153.167236,66.67974091,274.5636292,11.76701355,156.8935089,15.68935108,737.3994751,235.3402557,2549.500125966828
48,Islington,158,2014,380.9688721,112.5589828,60.60868454,233.7763519,NA,77.92545319,0,324.6893921,8.658383369,2309.900006132286
48,Islington,158,2015,223.4156799,103.1149292,51.5574646,249.1944122,NA,51.5574646,17.18582153,446.8313599,25.7787323,2327.5000225263957
48,Islington,158,2016,356.9303894,140.2226563,25.49502754,169.9668579,NA,89.23259735,12.74751377,229.4552612,25.49502754,2353.4000604768903
48,Islington,158,2017,301.00335690000003,100.3344498,25.08361244,167.2240753,NA,100.3344498,0,267.5585327,25.08361244,2391.9999013140573
48,Islington,158,2018,339.8992615,147.426178,16.38068771,196.5682526,NA,57.33240509,8.190343857,298.9475403,20.47585869,2441.8999804152263
48,Islington,158,2019,310.3962708,229.7738495,28.2178421,205.5871277,NA,60.4668045,8.062240601,294.2717896,36.2800827,2480.699906656224
48,Islington,158,2020,299.808136,199.8720856,51.96673965,171.8899841,NA,63.95906448,3.99744153,283.8183594,31.97953224,2501.599889870901
48,Islington,158,2021,223.1342316,231.1033173,31.87631989,175.3197632,NA,39.84539795,3.984539986,151.4125214,23.90723991,2509.700084942054
48,Islington,158,2022,378.3400269,370.4579468,15.42198404,208.8752289,NA,102.4670944,0,285.3067047,31.52833557,2537.400041613202
48,Islington,158,2023,528.2029419,655.4343262,30.84396744,223.6187744,NA,46.26595306,NA,181.208313,50.12144852,2593.7000560276506
49,Bendale South,157,2014,549.7577515,93.17927551,37.27170944,242.2661133,9.317927361,139.7689209,9.317927361,139.7689209,18.63585472,1073.1999656033954
49,Bendale South,157,2015,659.9126587,111.5345306,18.58908844,269.5417786,0,148.7127075,0,269.5417786,18.58908844,1075.8999553041913
49,Bendale South,157,2016,739.7817383,64.73090363,64.73090363,258.9236145,9.247272491,157.2036285,18.49454498,157.2036285,36.98908997,1081.4000381225685
49,Bendale South,157,2017,946.4302368,101.0750732,18.377285,321.6025085,0,119.4523544,9.188642502,431.8662109,36.75457001,1088.2999717787545
49,Bendale South,157,2018,765.3061523,136.6618042,0,163.9941711,0,36.44314957,9.110787392,236.8804626,NA,1097.5999571877478
49,Bendale South,157,2019,608.6482544,181.6860504,9.084301949,190.7703552,0,54.5058136,0,336.1191711,9.084301949,1100.8000025572733
49,Bendale South,157,2020,719.293457,72.83984375,0,100.1547852,0,27.31494141,27.31494141,218.5195313,9.104980469,1098.2999946849231
49,Bendale South,157,2021,569.2250977,137.7157593,27.54315186,36.7242012,0,82.62945557,18.3621006,238.7073059,NA,1089.200041433802
49,Bendale South,157,2022,376.76898190000003,192.9792328,27.57099531,73.51589966,0,45.94743729,9.189487457,257.3292896,9.189487457,1088.1999838002057
49,Bendale South,157,2023,753.6071777,220.5679626,18.38066292,137.8549805,NA,183.8066406,9.190331459,229.7583008,18.38066292,1088.1000397350647
50,Caledonia-Fairbank,109,2014,556.043335,107.3066025,29.26543808,273.1440735,0,136.5720367,0,165.8374786,48.77573013,1025.0999591605573
50,Caledonia-Fairbank,109,2015,596.4020386,39.10832977,9.777082443,185.7645721,0,87.9937439,9.777082443,107.547905,9.777082443,1022.7999914821218
50,Caledonia-Fairbank,109,2016,625.3052979,107.47435,48.8519783,127.0151443,0,146.5559387,0,117.244751,9.770395279,1023.5000441373999
50,Caledonia-Fairbank,109,2017,669.1882324,67.88866425,29.09514046,96.9838028,0,87.28542328,9.69838047,203.6659851,9.69838047,1031.100020281827
50,Caledonia-Fairbank,109,2018,593.869751,105.3639832,28.73563194,86.20689392,0,86.20689392,19.15708733,201.1494293,9.578543663,1043.9999662484915
50,Caledonia-Fairbank,109,2019,712.9277344,85.55133057,0,85.55133057,0,152.0912476,0,209.125473,19.01140594,1052.0000328381109
50,Caledonia-Fairbank,109,2020,484.6526794,95.02993774,38.01197433,95.02993774,0,66.52095032,19.00598717,180.5568695,19.00598717,1052.2999700143616
50,Caledonia-Fairbank,109,2021,621.414917,86.04206848,28.68068886,95.60229492,0,28.68068886,19.1204586,191.2045898,47.80114746,1045.9999948794277
50,Caledonia-Fairbank,109,2022,581.2845459,238.231369,18.90180512,57.17552948,0,38.11701965,0,226.8216615,19.05850983,1049.3999957551598
50,Caledonia-Fairbank,109,2023,595.4068604,311.8797913,85.05812073,132.3126373,9.450902939,37.80361176,18.90180588,94.50902557,18.90180588,1058.1000016975954
51,Briar Hill-Belgravia,108,2014,446.9425049,94.8059845,135.4371185,291.1898193,0,108.3497009,0,196.3838348,60.94670486,1476.700006743977
51,Briar Hill-Belgravia,108,2015,537.6343994,95.27698517,61.24948883,197.3594666,0,81.66598511,0,238.1924591,13.61099815,1469.4000251502507
51,Briar Hill-Belgravia,108,2016,436.6514282,102.3401794,47.75875092,211.5030365,0,143.2762451,13.64535713,211.5030365,27.29071426,1465.700003864089
51,Briar Hill-Belgravia,108,2017,453.2539673,67.64984131,47.35489273,209.7145233,6.764984608,148.8296509,27.05993843,216.4795074,27.05993843,1478.199968091046
51,Briar Hill-Belgravia,108,2018,520.833313,240.384613,80.12820435,220.3525696,0,153.5790558,0,213.6752167,26.70940208,1497.6000584663063
51,Briar Hill-Belgravia,108,2019,490.0662231,125.8278122,19.8675499,324.5033264,0,178.8079529,26.49006653,231.7880859,39.73509979,1510.0000063644459
51,Briar Hill-Belgravia,108,2020,496.1958313,244.7899475,86.00727844,304.3334351,0,52.92755508,6.615944386,436.6523438,52.92755508,1511.5000019952809
51,Briar Hill-Belgravia,108,2021,432.4396362,186.2816772,6.652917385,259.4637756,6.652917385,93.14083862,0,385.8692017,19.95875168,1503.0999602899028
51,Briar Hill-Belgravia,108,2022,603.288269,357.9952393,33.01201637,172.3680725,6.629541397,92.81357574,39.77724838,277.3009375,46.40678787,1508.399958627407
51,Briar Hill-Belgravia,108,2023,587.6138916,244.2889252,33.0120163,250.8913269,NA,145.2528687,6.602403164,349.9273682,52.81922531,1514.5999996300973
52,Oakwood Village,107,2014,541.9058838,91.84844971,82.66360474,114.8105621,9.184844971,179.1044769,4.592422485,123.9954071,9.184844971,2177.4998856360453
52,Oakwood Village,107,2015,668.1104126,55.29189682,101.3684769,133.6220856,0,92.1531601,13.82297421,188.9139709,13.82297421,2170.299957393599
52,Oakwood Village,107,2016,677.2633057,119.7880707,78.32296753,105.9663696,0,161.2531738,50.67956543,119.7880707,9.214467049,2170.499992585085
52,Oakwood Village,107,2017,562.362854,64.00878143,64.00878143,187.4542847,0,118.8734436,9.144111633,283.4674377,22.86027718,2187.1999390628316
52,Oakwood Village,107,2018,628.1350098,140.0876617,31.63269997,85.86018372,0,90.37914276,49.70852661,158.1634979,9.037914276,2212.9000586077505
52,Oakwood Village,107,2019,735.2941284,179.3400269,53.802009580000004,219.6915283,8.967000961,201.7575378,58.28551102,224.1750336,8.967000961,2230.399967382631
52,Oakwood Village,107,2020,564.7944946,107.5799026,58.27244568,143.4398651,8.96499157,112.0623932,31.37747192,219.6423035,13.44748783,2230.8999327133315
52,Oakwood Village,107,2021,464.2149048,135.2082214,49.57634735,162.2498627,0,63.09716797,13.52082253,261.4025574,36.05552673,2218.799933715528
52,Oakwood Village,107,2022,737.3768921,287.7568359,53.56186395,170.8556213,0,112.405014,22.48100281,209.7839671,22.48100281,2224.1000736128167
52,Oakwood Village,107,2023,499.9107361,258.8823547,44.6348877,160.6855927,NA,58.02535248,8.926977158,200.8569946,13.39046574,2240.399973678421
53,Humewood-Cedarvale,106,2014,251.7520599,74.84520721,183.710968,210.9273987,0,54.43287659,0,557.9370117,20.41232872,1469.699990327666
53,Humewood-Cedarvale,106,2015,333.8329468,47.69042206,347.4587708,265.7037659,6.812917233,74.9420929,0,401.9621277,20.43875122,1467.8000020577956
53,Humewood-Cedarvale,106,2016,360.4706421,115.6226654,122.423996,183.6359863,0,47.60933304,0,272.0533142,34.00666428,1470.3000413913596
53,Humewood-Cedarvale,106,2017,275.3526001,147.7501678,87.30691528,261.9207458,6.715916634,53.72733307,6.715916634,228.3411713,33.57958221,1488.9999217407062
53,Humewood-Cedarvale,106,2018,310.8876953,138.9072571,125.6780014,224.8974762,0,26.45852661,0,403.4925232,46.30242157,1511.7999428908242
53,Humewood-Cedarvale,106,2019,294.0407715,104.5478287,84.94511414,182.95870970000001,0,71.87663269,0,313.6434937,19.60271835,1530.40001121069
53,Humewood-Cedarvale,106,2020,273.1707458,169.1056976,188.6178894,318.6991882,0,39.02439117,0,403.2520447,39.02439117,1537.4999206814773
53,Humewood-Cedarvale,106,2021,319.1974487,221.4839478,104.2277374,123.7704391,0,19.54270172,0,254.0551147,13.02846718,1535.0999890369737
53,Humewood-Cedarvale,106,2022,271.7039795,362.2719727,147.2471191,207.0125427,0,32.34571075,6.46914196,243.2778489,12.93828392,1545.7999576336717
53,Humewood-Cedarvale,106,2023,345.7106323,339.3085938,89.62867737,243.2778473,NA,6.402048588,NA,166.4532623,19.20614624,1561.9999778641463
54,Lawrence Park North,105,2014,172.3223724,152.4390259,53.0222702,231.9724274,6.627783775,NA,6.627783775,417.5503845,26.5111351,1508.800026246621
54,Lawrence Park North,105,2015,166.2676239,146.315506,66.50704956,232.7746735,0,39.90422821,0,232.7746735,33.25352478,1503.6000042338972
54,Lawrence Park North,105,2016,146.3836517,93.15323639,93.15323639,179.6526642,0,26.61521149,0,146.3836517,19.96140862,1502.9000673577266
54,Lawrence Park North,105,2017,224.3336029,178.1472626,131.9609375,191.3433685,0,39.58828354,0,250.7257843,39.58828354,1515.5999618637607
54,Lawrence Park North,105,2018,136.7098541,253.8897247,78.11991119,84.6299057,0,13.01998615,0,253.8897247,26.03997231,1536.0999496524223
54,Lawrence Park North,105,2019,238.8483582,116.1965027,148.4733124,148.4733124,0,32.27680588,0,361.5002136,25.82144547,1549.1000348019138
54,Lawrence Park North,105,2020,277.5447083,148.4541473,109.7269745,122.6360321,0,77.45433044,0,296.9082947,6.454527855,1549.2999403008253
54,Lawrence Park North,105,2021,246.4651642,298.3525696,123.2325821,129.7185059,0,51.8874054,0,175.1199951,6.485925674,1541.800039910062
54,Lawrence Park North,105,2022,206.7183533,523.2557983,70.59880624,187.338501,0,38.75968933,0,179.7060522,19.37984467,1547.999947230617
54,Lawrence Park North,105,2023,205.3783417,519.8639526,38.50843811,211.7964172,NA,38.50843811,NA,211.7964172,44.92651367,1558.1000282270757
55,Lawrence Park South,103,2014,94.80470276,94.80470276,37.92188263,429.781311,NA,12.64062691,0,303.375061,31.60156822,1582.1999925439143
55,Lawrence Park South,103,2015,196.7129822,177.6762543,69.80138397,298.2422791,NA,38.07348251,0,126.9116058,19.03674126,1575.9000577034615
55,Lawrence Park South,103,2016,120.7345734,127.0890274,76.25341797,279.5958557,NA,12.70890236,0,158.8612823,6.35445118,1573.700015243521
55,Lawrence Park South,103,2017,138.1215515,100.452034,113.0085373,301.3561096,NA,31.39126015,0,207.1823273,12.55650425,1592.7999476605937
55,Lawrence Park South,103,2018,86.4357605,185.2194824,98.78372192,222.263382,NA,30.86991501,0,166.69754029999999,12.34796524,1619.6999851699113
55,Lawrence Park South,103,2019,146.4754333,164.7848663,67.13457489,347.8791504,NA,91.54714966,0,329.5697327,48.82514572,1638.5000173267965
55,Lawrence Park South,103,2020,164.1736603,182.4151764,194.5761871,352.669342,NA,72.96607208,0,304.0252991,72.96607208,1644.5999894661543
55,Lawrence Park South,103,2021,212.9342346,377.1977844,103.4252014,158.179718,NA,42.5868454,0,164.2635498,12.16767025,1643.6999933687507
55,Lawrence Park South,103,2022,199.3716736,579.9903564,53.64167362,211.4548035,NA,48.33252716,6.041565895,232.4472524,30.20783043,1655.200029378697
55,Lawrence Park South,103,2023,196.686142,715.22229,35.76111603,345.6907959,NA,41.72130203,NA,131.1240845,35.76111603,1677.7999539998095
56,Forest Hill North,102,2014,185.0424042,92.52120209,131.071701,292.9837952,NA,38.55050278,0,269.8535156,23.13030052,1297.0000094713425
56,Forest Hill North,102,2015,215.6832581,100.1386566,315.8218994,277.3070374,NA,38.51486588,0,123.2475739,30.81189346,1298.1999737326855
56,Forest Hill North,102,2016,214.9547119,61.41563034,99.80039978,145.8621216,NA,61.41563034,0,99.80039978,15.35390759,1302.599964081085
56,Forest Hill North,102,2017,289.9435425,83.93102264,68.6708374,350.9842834,NA,61.04074478,0,297.5736389,22.89027977,1310.599976545434
56,Forest Hill North,102,2018,249.6217804,158.8502197,52.95007706,317.7004395,NA,121.0287476,7.564296722,242.0574951,NA,1322.0000252830503
56,Forest Hill North,102,2019,301.023468,203.1908417,150.511734,285.9723206,NA,142.9861603,7.525587082,240.8187866,22.57676125,1328.8000522271573
56,Forest Hill North,102,2020,301.5908813,316.6704407,180.9545288,339.2897644,NA,120.6363602,0,429.7670288,52.77840424,1326.3000468575508
56,Forest Hill North,102,2021,303.7897644,265.81604,37.97372055,91.13693237,NA,15.18948841,7.594744205,288.6002808,15.18948841,1316.7000566658985
56,Forest Hill North,102,2022,341.5559692,288.4250488,15.18372305,106.2618561,NA,53.13092804,0,75.91861524,45.54079819,1317.500030972962
56,Forest Hill North,102,2023,478.287262,402.3686523,22.77558517,349.2256165,NA,68.32675171,NA,265.7151489,22.77558517,1317.2000386663026
57,Forest Hill South,101,2014,216.9589539,45.19978333,81.35961151,433.9179077,NA,36.15982819,0,235.0388794,45.19978333,1106.2000239484007
57,Forest Hill South,101,2015,145.839035,118.4942093,100.2643356,164.0689087,NA,9.11493969,0,100.2643356,45.57469559,1097.0999636688491
57,Forest Hill South,101,2016,109.8699875,82.40248871,82.40248871,247.2074738,NA,18.31166458,0,146.4933167,45.77915955,1092.1999968371708
57,Forest Hill South,101,2017,242.6529999,107.8457794,71.89718628,593.1517944,NA,44.93574142,8.987148285,170.7558136,71.89718628,1112.7000288942234
57,Forest Hill South,101,2018,114.0751114,228.1502228,140.4001465,368.550354,NA,70.20007324,0,219.3752136,17.55001831,1139.6000267241466
57,Forest Hill South,101,2019,241.2337341,172.3098145,68.92392731,301.5421753,NA,155.0788269,0,258.4647217,34.46196365,1160.7000200226144
57,Forest Hill South,101,2020,221.5028076,323.7348633,195.9447937,281.1381836,NA,42.59669495,0,400.4089355,51.11603165,1173.8000200409197
57,Forest Hill South,101,2021,152.5423737,635.5932007,177.966095,211.8644104,NA,16.94915199,0,228.8135529,25.42372894,1179.9999936673332
57,Forest Hill South,101,2022,275.8505249,685.4467773,57.56578947,217.336792,NA,NA,0,238.4868421,83.59107208,1196.3000618528097
57,Forest Hill South,101,2023,353.6184082,773.0263062,90.46052551,616.7763062,NA,8.223684311,8.223684311,123.3552628,24.67105293,1216.0000441967943
58,Yonge-Eglinton,100,2014,450.3739014,50.9857254,93.47382355,305.9143372,0,127.4643097,0,212.4405212,42.48810196,1176.799984085401
58,Yonge-Eglinton,100,2015,517.875061,75.17540741,158.7036438,200.4677582,8.352823257,83.52822876,0,91.88105774,41.76411438,1197.1999555313594
58,Yonge-Eglinton,100,2016,540.5848389,24.57203674,180.194931,155.6228943,0,98.28814697,0,65.52542877,16.38135719,1220.899944850451
58,Yonge-Eglinton,100,2017,513.2317505,16.0384922,168.4041748,192.4619141,0,96.23095703,0,192.4619141,32.07698441,1247.00001388554
58,Yonge-Eglinton,100,2018,462.3462219,86.20014191,109.7092667,195.9094086,0,219.4185333,0,172.4002838,39.18188095,1276.0999702244999
58,Yonge-Eglinton,100,2019,691.5098267,92.2013092,122.9350739,315.0211182,7.683442116,92.2013092,7.683442116,338.0714417,69.15097809,1301.4999429508468
58,Yonge-Eglinton,100,2020,691.7521973,129.2284241,288.8635559,258.4568481,0,68.41505432,0,319.2702332,53.21170807,1315.4999775235262
58,Yonge-Eglinton,100,2021,483.7124939,211.6242218,105.8121109,234.298233,0,30.23203087,0,166.2761688,15.11601543,1323.0999985960875
58,Yonge-Eglinton,100,2022,916.4741821,260.7853394,101.8700429,245.883316,7.45100975,29.804039,7.45100975,254.6751073,44.7060585,1342.100000222145
58,Yonge-Eglinton,100,2023,756.7489014,291.057251,116.422905,240.1222382,NA,87.31717682,14.55286312,130.975769,109.1464767,1374.2999799219795
59,Mount Pleasant East,99,2014,169.7196655,40.96681595,46.81921768,175.5720673,NA,5.85240221,0,146.3100586,11.70480442,1708.7000445449264
59,Mount Pleasant East,99,2015,186.3281708,23.29102135,221.2647095,98.98683929,NA,40.75928879,0,139.7461243,17.46826553,1717.3999971452517
59,Mount Pleasant East,99,2016,109.7568054,46.21339035,115.5334778,86.65010834,NA,17.3300209,0,86.65010834,5.776673794,1731.0999469013334
59,Mount Pleasant East,99,2017,245.770462,57.15592194,62.87151337,120.0274353,NA,45.72473526,0,171.4677582,22.86236763,1749.5999987175026
59,Mount Pleasant East,99,2018,214.4590607,84.65489197,135.4478302,203.1717377,NA,50.79293442,0,180.5970917,50.79293442,1771.8999549828766
59,Mount Pleasant East,99,2019,324.2940979,95.05171967,106.2342758,279.5638733,NA,72.68660736,5.591277599,307.5202637,16.77383232,1788.5000182114015
59,Mount Pleasant East,99,2020,234.4796753,106.0741425,200.9825745,206.5654297,NA,83.74274445,0,295.8910217,22.33139801,1791.200023893926
59,Mount Pleasant East,99,2021,263.3790894,212.944809,128.8876495,184.9257507,NA,50.43429565,0,145.6990814,16.81143188,1784.5000568218989
59,Mount Pleasant East,99,2022,301.1040344,351.2880554,66.35700066,156.1280212,NA,22.30400276,5.57600069,243.3090024,33.4560051,1793.400082054829
59,Mount Pleasant East,99,2023,425.790741,315.1957397,71.88674927,110.5950012,NA,44.23799896,NA,127.1842499,27.64875031,1808.4000563084107
60,Rosedale-Moore Park,98,2014,306.7484741,47.19207001,226.5219421,467.2015076,0,70.78810883,0,415.2902222,33.03445053,2118.9999458256475
60,Rosedale-Moore Park,98,2015,501.1109619,122.9140091,316.7399292,127.6414719,0,94.54924011,4.727461815,198.5533905,42.54715729,2115.299964664373
60,Rosedale-Moore Park,98,2016,514.6850586,56.66257477,236.0940552,283.3128662,0,89.71574402,4.72188139,188.8752441,42.49692917,2117.799966769814
60,Rosedale-Moore Park,98,2017,506.434967,18.5847702,246.2481995,334.5258484,0,144.0319672,0,246.2481995,46.46192551,2152.3000405301796
60,Rosedale-Moore Park,98,2018,597.87323,141.4814453,301.2185669,282.9628906,4.563917637,114.0979385,0,319.4742432,50.20309448,2191.0999427085903
60,Rosedale-Moore Park,98,2019,579.8013306,152.8158569,310.1263123,453.9529724,0,98.88085175,0,283.158783,62.92417526,2224.9000337151
60,Rosedale-Moore Park,98,2020,660.4489136,232.0496216,325.7619629,441.7867737,0,98.17484283,4.462492943,227.5871277,44.62492752,2240.9000446874234
60,Rosedale-Moore Park,98,2021,668.2407227,325.2105103,231.6567841,285.1160583,4.454938412,124.7382736,4.454938412,151.4678955,35.63950729,2244.7000744571656
60,Rosedale-Moore Park,98,2022,947.9299927,476.1694946,312.3237756,299.8104248,0,88.17953491,4.408976555,195.2023598,57.31669617,2268.0999826539196
60,Rosedale-Moore Park,98,2023,1175.552002,620.3096924,195.2023621,438.1208496,4.337830067,104.1079254,4.337830067,199.5401917,99.77009583,2305.2999743009245
61,Yonge-St.Clair,97,2014,127.9079056,15.9884882,63.95395279,295.7870483,NA,23.98273277,0,55.959709169999996,23.98273277,1250.900006918728
61,Yonge-St.Clair,97,2015,205.6636658,23.73042297,150.2926788,158.2028198,NA,7.910140991,0,71.19126892,39.55070496,1264.1999693462626
61,Yonge-St.Clair,97,2016,250.0195313,54.69177246,109.3835449,93.75732422,NA,46.87866211,7.813110352,54.69177246,54.69177246,1279.9000075559297
61,Yonge-St.Clair,97,2017,199.7388,15.36452293,92.18714142,138.2807159,NA,15.36452293,0,53.77583313,NA,1301.7000202264157
61,Yonge-St.Clair,97,2018,203.8351135,45.29669189,113.2417297,181.1867676,NA,7.549448967,0,173.6373291,22.64834595,1324.6000424750173
61,Yonge-St.Clair,97,2019,260.3198242,44.62625504,178.5050201,208.2558594,NA,14.87541866,0,163.6296082,44.62625504,1344.4999860291084
61,Yonge-St.Clair,97,2020,169.9423676,66.49918365,184.7199707,199.4975586,NA,29.55519485,0,147.7759705,22.16639519,1353.3999981767936
61,Yonge-St.Clair,97,2021,368.8131714,95.89141846,88.51515961,221.2879028,NA,36.88131714,0,169.6540527,22.1287899,1355.699955351432
61,Yonge-St.Clair,97,2022,328.5151062,233.6107483,136.1714327,189.8087311,NA,51.10235214,0,150.5052677,7.300335884,1369.800022912919
61,Yonge-St.Clair,97,2023,250.8421173,272.342865,100.3368454,258.0090332,NA,14.33383465,NA,136.1714325,14.33383465,1395.29997500942
62,Casa Loma,96,2014,236.6217651,36.40335083,163.8150635,291.2268066,0,72.80670166,0,209.3192596,36.40335083,1098.800019052009
62,Casa Loma,96,2015,308.1664124,27.19115448,172.2106476,217.5292358,0,45.31858826,0,235.656662,45.31858826,1103.2999909110147
62,Casa Loma,96,2016,387.1432495,45.01665497,135.0499725,171.0632935,0,18.00666237,0,207.0766144,63.02331924,1110.6999813514765
62,Casa Loma,96,2017,301.4451599,70.92827606,97.52637482,239.3829193,0,79.79431152,0,141.8565521,62.0622406,1127.9000137630007
62,Casa Loma,96,2018,383.4422607,156.8627472,148.1481476,200.43573,8.714596748,52.2875824,0,191.7211304,17.4291935,1147.5000152480584
62,Casa Loma,96,2019,473.3626099,43.0329628,163.5252533,292.6241455,0,68.85273743,0,266.8043823,17.21318436,1161.8999652638174
62,Casa Loma,96,2020,555.7455444,170.9986267,205.1983643,307.7975464,0,25.64979553,0,247.9480133,59.84952164,1169.600020278633
62,Casa Loma,96,2021,392.9273071,179.3798523,153.7541656,298.9664307,0,8.541897774,8.541897774,68.33518219,34.16759109,1170.7000040160863
62,Casa Loma,96,2022,499.3652039,253.9145203,50.11693953,152.3487091,0,84.63816833,8.463817596,175.4092883,25.39145088,1181.500023213772
62,Casa Loma,96,2023,467.7580872,350.818573,75.17540741,392.5827026,NA,125.2923508,NA,83.52822876,50.11693954,1197.2000384903233
63,Annex,95,2014,720.6472168,40.79135132,326.3308105,530.2875977,0,142.7697296,0,424.9099121,74.78414917,2941.800024447135
63,Annex,95,2015,764.3915405,50.73395157,375.4312439,365.2844543,0,138.6728058,0,581.7493286,64.26300812,2956.5999625292816
63,Annex,95,2016,872.9812012,63.79478073,419.7025146,412.9872742,0,117.5167007,16.7881012,550.6497192,73.86764526,2978.3001013378525
63,Annex,95,2017,826.3649902,78.70142365,445.974762,383.6694641,0,206.5912476,6.558452129,564.0269165,95.09755707,3049.4999544814937
63,Annex,95,2018,785.2651367,108.5325775,395.8246765,549.0471191,6.384269238,137.2617798,6.384269238,622.4662476,140.4539185,3132.6998806261918
63,Annex,95,2019,882.7199097,84.21709442,446.0386658,661.2601318,3.119151592,102.9319992,6.238303185,539.6132202,127.8852158,3205.999965449743
63,Annex,95,2020,795.6256104,119.8046265,503.7938232,626.6703491,0,122.8765411,0,408.5644836,95.22931671,3255.299937740667
63,Annex,95,2021,924.6585693,118.6239624,358.9135132,477.5374756,0,142.957077,3.041640043,243.3312073,103.4157639,3287.7000234815214
63,Annex,95,2022,1092.029663,197.4629059,223.1754681,415.8688354,0,128.6500702,5.983724117,324.6188627,110.6988983,3342.4000498052405
63,Annex,95,2023,1147.759521,234.7689972,234.7689972,399.9768066,NA,194.1916351,NA,310.1269531,182.598114,3450.2000876889265
64,Wychwood,94,2014,397.1464233,36.7728157,80.90019989,227.9914703,0,110.3184509,0,110.3184509,22.06369019,1359.700020745472
64,Wychwood,94,2015,514.289917,110.2049789,264.4919434,213.0629578,0,88.16398621,7.346998692,168.9809723,7.346998692,1361.0999882776237
64,Wychwood,94,2016,599.7221069,138.9599915,255.9789429,212.0968323,0,65.82315826,0,190.155777,29.25473595,1367.2999386976576
64,Wychwood,94,2017,404.4489441,86.66763306,144.4460449,274.4474792,0,130.0014496,0,209.4467773,28.88920975,1384.599980217874
64,Wychwood,94,2018,532.4435425,149.084198,99.38946533,212.977417,0,156.1834412,7.099247456,305.2676392,14.19849491,1408.6000488962638
64,Wychwood,94,2019,483.3963928,63.05170059,161.1321259,343.2814941,7.005744934,84.06893921,7.005744934,273.2240295,7.005744934,1427.3999770732257
64,Wychwood,94,2020,585.0804443,181.0963287,146.2701111,313.4359436,6.96524334,132.3396301,13.93048668,236.8182831,6.96524334,1435.7000104575193
64,Wychwood,94,2021,417.3912964,90.43478394,90.43478394,229.5652161,0,34.78260803,6.956521511,90.43478394,13.91304302,1437.5000273723963
64,Wychwood,94,2022,587.6659546,228.1526489,109.5215278,193.5840759,0,41.4822998,6.913716793,171.1273872,62.22344971,1446.3999374926527
64,Wychwood,94,2023,609.213501,177.9724884,88.9862442,280.6489258,NA,171.1273804,41.0705719,150.5921021,6.845095634,1460.8999940728497
65,Corso Italia-Davenport,92,2014,499.7223816,111.0494156,90.2276535,201.2770691,0,131.8711853,0,180.455307,13.88117695,1440.7999851732077
65,Corso Italia-Davenport,92,2015,582.524292,62.41331482,48.54368973,152.5658875,6.934812546,110.9570007,0,249.6532593,27.73925018,1441.9999501068019
65,Corso Italia-Davenport,92,2016,483.625824,48.36257935,62.18046188,103.6341019,0,200.3592682,6.908940315,186.5413818,13.81788063,1447.399963489129
65,Corso Italia-Davenport,92,2017,611.3477173,82.42890167,82.42890167,212.9413452,0,206.0722656,6.869075298,144.2505798,20.60722542,1455.7999888028698
65,Corso Italia-Davenport,92,2018,618.6688232,74.78414917,33.99279404,217.5538788,0,122.374054,0,231.151001,33.99279404,1470.9000451859201
65,Corso Italia-Davenport,92,2019,628.293457,108.0934982,67.55844116,270.2337646,0,216.1869965,13.51168728,256.7220764,33.77922058,1480.2000397085149
65,Corso Italia-Davenport,92,2020,575.9978027,81.31734467,101.6466751,277.834259,6.776444912,81.31734467,27.10577965,304.940033,40.65867233,1475.7000738815493
65,Corso Italia-Davenport,92,2021,777.5731812,156.8787994,81.84980774,211.4453278,0,6.820816994,0,156.8787994,27.28326797,1466.0999473267327
65,Corso Italia-Davenport,92,2022,674.8466187,259.0320435,47.34848485,163.5991821,0,74.98295593,20.44989777,142.0454545,20.44989777,1467.0000153621575
65,Corso Italia-Davenport,92,2023,994.3181763,263.7987061,121.7532501,277.3268433,6.76406908,128.5173187,20.29220772,263.7987061,81.16883087,1478.4000082046975
66,Weston-Pelham Park,91,2014,780.3223267,195.0805817,135.7082214,220.5258636,8.48176384,93.29940796,8.48176384,186.5988159,33.92705536,1178.9999702952239
66,Weston-Pelham Park,91,2015,821.5150757,138.3604279,112.4178467,198.8931122,8.647526741,112.4178467,8.647526741,242.1307526,34.59010696,1156.399959173628
66,Weston-Pelham Park,91,2016,730.3123779,140.7831116,35.19577789,140.7831116,8.798944473,131.9841614,35.19577789,184.777832,70.39155579,1136.4999760604496
66,Weston-Pelham Park,91,2017,666.7821045,69.27606201,51.95705032,69.27606201,0,86.59508514,17.3190155,95.2545929,8.659507751,1154.80003857842
66,Weston-Pelham Park,91,2018,739.6072388,119.0172577,0,195.5283508,8.501233101,212.5308228,34.0049324,229.5332794,17.0024662,1176.30000675975
66,Weston-Pelham Park,91,2019,962.5847778,108.8139267,75.3327179,200.8872528,8.3703022,41.85150909,25.1109066,200.8872528,25.1109066,1194.699964639312
66,Weston-Pelham Park,91,2020,847.1760864,157.807312,49.83388519,249.1694336,0,33.2225914,33.2225914,299.0033264,24.9169426,1203.9999905266448
66,Weston-Pelham Park,91,2021,763.2321167,132.7360229,16.59200287,190.8080292,0,49.77600861,33.18400574,141.0320282,8.296001434,1205.4000085554837
66,Weston-Pelham Park,91,2022,829.5687866,238.1930237,24.33090024,114.9897308,0,90.34907532,32.8542099,137.8751014,24.64065742,1217.5000027900037
66,Weston-Pelham Park,91,2023,965.1257324,170.3162994,56.77210236,308.1914063,NA,48.66180038,32.44120026,129.764801,32.44120026,1232.9999709372582
67,Junction Area,90,2014,702.4620972,173.8767548,173.8767548,250.3825226,6.955070019,104.3260574,6.955070019,236.4723816,27.82028008,1437.7999952251373
67,Junction Area,90,2015,702.413269,166.91008,139.0917358,229.501358,0,104.3188019,6.954586506,264.274292,13.90917301,1437.899943772275
67,Junction Area,90,2016,742.2823486,138.7443695,180.3676758,228.9282074,0,83.24662018,6.937218189,235.8654175,27.74887276,1441.499992581125
67,Junction Area,90,2017,616.6917725,164.4511414,157.5990143,315.1980286,0,95.92983246,0,322.0501709,54.81704712,1459.4000441282035
67,Junction Area,90,2018,898.8916016,256.8261719,175.723175,419.0321655,0,175.723175,6.758583546,432.5493469,40.55150223,1479.5999847285702
67,Junction Area,90,2019,621.8656006,207.2885284,147.1079865,280.8425293,0,100.3009033,13.37345409,354.3965149,60.18054199,1495.499990838374
67,Junction Area,90,2020,686.3006592,233.2089539,139.9253693,339.8187561,0,79.95735931,0,346.4818726,39.97867966,1500.799957267475
67,Junction Area,90,2021,768.203064,167.0006714,100.2004013,300.6011963,0,60.12023926,0,240.480957,33.40013504,1497.0000171725428
67,Junction Area,90,2022,750.8804321,299.0231934,65.56517178,372.1177368,0,152.8340759,0,281.9302387,86.38447571,1504.9000502512895
67,Junction Area,90,2023,891.6863403,301.5997925,104.904274,445.8431702,NA,124.5738297,6.556517124,262.2606812,59.00865555,1525.1999930182176
68,Oakridge,121,2014,1205.506836,149.7967072,99.86447144,449.3901062,0,342.3924561,21.3995285,242.5279999,14.26635265,1401.8999723034337
68,Oakridge,121,2015,1312.7854,107.020546,107.020546,478.025116,7.134703159,242.5799103,85.61643982,549.3721313,28.53881264,1401.599987324661
68,Oakridge,121,2016,1018.373474,78.33641815,28.48597145,420.1680603,0,213.6447754,21.36447716,505.6259766,71.21492767,1404.1999683899858
68,Oakridge,121,2017,1168.649414,76.97690582,76.97690582,482.8551331,0,258.9223328,48.98530579,391.8824463,6.997900486,1428.9999892131893
68,Oakridge,121,2018,1118.123169,102.8947754,82.31581879,445.8773499,0,253.8071136,27.43860626,411.5791016,27.43860626,1457.8000395589693
68,Oakridge,121,2019,1112.68457,60.6918869,67.43543243,337.1771545,0,222.5369263,13.4870863,337.1771545,40.46125793,1482.9000459672054
68,Oakridge,121,2020,1055.514771,140.2899323,40.08283615,240.4970245,6.680472851,173.6922913,53.44378281,320.6626892,26.7218914,1496.8999424831354
68,Oakridge,121,2021,1258.657471,133.1912689,53.27650452,186.4677734,0,146.5103912,19.97868919,439.5311584,33.29781723,1501.599953558771
68,Oakridge,121,2022,1225.054321,151.4852142,45.48703619,230.5209808,0,72.44944763,6.586313725,402.8851777,46.10419464,1518.3000199384628
68,Oakridge,121,2023,1397.101807,142.959259,19.49444389,188.4462891,NA,129.9629669,19.49444389,350.8999939,25.99259186,1538.9000209059209
69,Clairlea-Birchmount,120,2014,973.4111328,166.6540375,98.47738647,492.3869324,0,196.9547729,11.3627758,401.4847412,15.15036774,2640.1999251923903
69,Clairlea-Birchmount,120,2015,1006.171692,112.2124557,78.54872131,430.1477356,7.480830193,179.5399323,18.70207596,377.7819214,56.10622787,2673.4999815518563
69,Clairlea-Birchmount,120,2016,932.1003418,180.5253601,29.47352982,320.5246277,3.684191227,169.4727936,0,401.5768433,66.31543732,2714.3000453301624
69,Clairlea-Birchmount,120,2017,928.758728,145.6876526,61.91724777,371.5035095,0,207.6048889,0,393.3566284,25.49533844,2745.60003919554
69,Clairlea-Birchmount,120,2018,1073.493042,172.3333282,35.90277481,233.368042,10.77083302,107.7083282,28.72221947,516.999939,43.08333206,2785.299841747833
69,Clairlea-Birchmount,120,2019,1047.882935,252.2023315,21.31287384,230.8894501,3.552145481,142.0858154,10.65643692,461.7789001,53.28218079,2815.199963152372
69,Clairlea-Birchmount,120,2020,697.8391724,191.2858734,17.71165466,212.539856,3.542330742,109.8122559,7.084661484,393.1987305,21.25398445,2823.0000233790256
69,Clairlea-Birchmount,120,2021,847.8183594,177.3678589,42.5682869,202.1993561,7.094714642,31.92621422,10.64207172,507.2720947,53.21035767,2819.0000529021336
69,Clairlea-Birchmount,120,2022,903.3806152,250.5469666,24.32075603,271.7199402,3.528830528,67.0477829,14.11532211,406.504065,52.93245697,2833.800013998795
69,Clairlea-Birchmount,120,2023,965.8814697,423.8760376,27.79514885,204.9892273,NA,76.43666077,13.89757442,319.6442261,34.74393845,2878.1999522813703
70,Wexford/Maryvale,119,2014,670.4029541,209.2792206,67.39500427,439.841095,3.547105551,180.9023895,10.64131641,390.1816101,60.30079269,2819.1999877704598
70,Wexford/Maryvale,119,2015,778.4854736,184.005661,35.38570404,325.5484924,0,127.3885345,10.61571121,445.8598633,56.61712646,2826.0000662907682
70,Wexford/Maryvale,119,2016,711.4680176,147.9290009,28.17695045,267.6810303,7.044237614,84.53085327,14.08847523,412.0879211,45.78754425,2839.2000062266748
70,Wexford/Maryvale,119,2017,710.355896,233.3031616,17.41068268,302.9458923,0,121.8747787,20.89282036,449.1956177,38.30350113,2871.799912532858
70,Wexford/Maryvale,119,2018,693.2290039,295.1371155,24.02278709,343.1826782,6.86365366,120.1139374,17.15913391,312.2962341,44.61374664,2913.9000079855145
70,Wexford/Maryvale,119,2019,821.7038574,329.3606262,20.37282181,292.0104675,3.395470381,105.2595825,10.1864109,298.8013916,47.53658676,2945.099962968727
70,Wexford/Maryvale,119,2020,552.0371094,298.0323181,37.25403976,270.9384766,3.386730671,98.2151947,10.16019249,447.0484619,37.25403976,2952.7000490449277
70,Wexford/Maryvale,119,2021,719.0584106,312.04422,33.91785049,237.4249573,3.391785145,94.96998596,13.56714058,461.2827759,50.87677765,2948.3001224212367
70,Wexford/Maryvale,119,2022,705.0806274,438.5668945,33.47840643,253.0193634,3.373591423,131.5700684,16.86795807,468.69769,74.21901703,2964.200006043167
70,Wexford/Maryvale,119,2023,870.4385376,679.6116333,90.39170074,257.7837219,NA,103.7830582,13.39136219,395.0451965,63.60897064,2987.000101315367
71,Tam O'Shanter-Sullivan,118,2014,375.5230408,82.25743103,7.15282011,175.2440948,0,92.98665619,0,239.6194763,14.30564022,2796.1000682224985
71,Tam O'Shanter-Sullivan,118,2015,341.3092041,68.26184082,7.185456753,244.3055267,3.592728376,136.5236816,10.77818489,204.7855072,25.14909744,2783.3998866366933
71,Tam O'Shanter-Sullivan,118,2016,366.9592896,75.55043793,10.79292011,223.0536804,0,93.53863525,7.195280075,154.6985168,28.7811203,2779.5998872568125
71,Tam O'Shanter-Sullivan,118,2017,443.2781372,63.83205032,17.73112488,191.4961548,0,92.20185089,7.092450142,276.6055603,28.36980057,2819.899956933856
71,Tam O'Shanter-Sullivan,118,2018,460.3634033,108.1156464,13.95040607,268.5453186,3.487601519,59.28922653,13.95040607,195.3056946,10.46280479,2867.300029798003
71,Tam O'Shanter-Sullivan,118,2019,392.4133301,86.05555725,20.65333366,230.628891,6.884444714,99.82444763,10.32666683,206.5333405,10.32666683,2905.1000884946748
71,Tam O'Shanter-Sullivan,118,2020,462.2812805,133.5479279,44.51597595,184.9125061,3.424305677,61.63750458,6.848611355,195.1854248,10.27291679,2920.299949285963
71,Tam O'Shanter-Sullivan,118,2021,407.6738586,198.6981812,23.98081589,51.38746262,0,44.53580093,17.12915421,198.6981812,17.12915421,2919.000016549013
71,Tam O'Shanter-Sullivan,118,2022,400.7743835,271.7114563,30.23177696,118.8737564,3.396393061,108.6845779,3.396393061,335.9086329,16.98196602,2944.299956736132
71,Tam O'Shanter-Sullivan,118,2023,456.8357544,335.9086304,53.7453804,144.4407196,NA,70.54080963,10.07725906,235.1360474,16.79543114,2976.999910583181
72,Steeles,116,2014,181.3665619,78.85502625,3.942751169,244.4505768,NA,31.54200935,7.885502338,94.62602997,11.82825375,2536.299939641741
72,Steeles,116,2015,143.3292236,63.70187378,11.94410133,234.90066529999999,NA,35.83230591,0,103.5155487,11.94410133,2511.6999238388394
72,Steeles,116,2016,176.3103027,124.2186279,4.007052422,192.3385162,NA,64.11283875,0,84.14810181,8.014104843,2495.600048674864
72,Steeles,116,2017,162.440567,122.8209229,23.77179146,170.364502,NA,19.8098259,0,126.7828827,23.77179146,2524.000054740021
72,Steeles,116,2018,128.9012146,93.74633789,0,242.1780396,NA,35.15487671,3.906097412,160.1499939,11.71829224,2560.1000038986444
72,Steeles,116,2019,181.6425171,119.8067627,0,255.072464,NA,30.91787529,0,154.5893707,19.32367134,2587.499928451498
72,Steeles,116,2020,150.2079773,111.6931152,0,96.28717041,NA,23.10891914,7.702973366,80.88121796,3.851486683,2596.4000515171037
72,Steeles,116,2021,196.8655853,173.7049408,0,65.62186432,NA,27.02076721,3.860109568,108.0830688,7.720219135,2590.6000747810745
72,Steeles,116,2022,172.6983185,157.3473511,3.788596325,126.6454315,NA,26.86418152,0,155.3324493,15.35096169,2605.699950691761
72,Steeles,116,2023,185.6412201,238.6815643,11.36578941,102.292099,NA,26.52017403,3.788596392,87.1377182,3.788596392,2639.4999975546916
73,Mount Dennis,115,2014,713.4451294,198.5878143,22.06531334,132.3918762,7.355104446,198.5878143,29.42041779,154.4571991,29.42041779,1359.6000028982746
73,Mount Dennis,115,2015,748.5689087,102.744751,7.338911057,146.7782135,0,95.40583801,7.338911057,396.301178,7.338911057,1362.600006686599
73,Mount Dennis,115,2016,803.6235962,131.5020447,21.91700745,226.4757385,0,248.392746,21.91700745,138.8077087,NA,1368.800026780498
73,Mount Dennis,115,2017,744.9732666,122.956749,36.16374969,122.956749,0,245.9134979,7.232749939,130.1894989,36.16374969,1382.599948452969
73,Mount Dennis,115,2018,670.8056641,114.1796875,14.27246094,149.8608398,7.136230469,71.36230469,28.54492188,221.2231445,7.136230469,1401.3000341330899
73,Mount Dennis,115,2019,650.3605347,162.5901337,14.13827229,98.96790314,21.20740891,113.1061783,28.27654457,205.0049438,35.34568024,1414.5999809542257
73,Mount Dennis,115,2020,508.1516113,169.3838654,7.057661057,155.2685394,7.057661057,134.0955658,7.057661057,289.3641052,21.17298317,1416.8999644771961
73,Mount Dennis,115,2021,693.8052979,184.0708008,42.47787476,106.1946869,7.079646111,77.87610626,14.15929222,233.6283112,21.23893738,1412.500024093575
73,Mount Dennis,115,2022,838.9735107,274.9577026,28.05836139,169.2047424,0,49.35138321,14.1003952,266.5544332,35.25098801,1418.3999671302138
73,Mount Dennis,115,2023,855.7800293,385.8024597,21.04377174,217.452301,NA,63.13131332,14.02918053,224.4668884,49.10213089,1425.5999885834212
74,Lambton Baby Point,114,2014,352.755127,85.147789,85.147789,206.7874908,NA,12.16396999,12.16396999,267.6073608,NA,822.1000286127662
74,Lambton Baby Point,114,2015,512.1326904,73.16181183,121.936348,158.5172577,NA,97.5490799,36.58090591,170.7108917,24.38726997,820.099962124972
74,Lambton Baby Point,114,2016,256.0975647,12.19512177,73.17073059,109.7560959,NA,60.97560883,0,170.7317047,24.39024353,819.9999880748572
74,Lambton Baby Point,114,2017,266.7960205,109.1438293,36.38127518,121.2709198,NA,36.38127518,12.12709236,97.01673889,NA,824.6000056061556
74,Lambton Baby Point,114,2018,300.4446716,192.2845764,72.10671997,120.1778641,NA,12.01778603,0,288.4268799,24.03557205,832.0999625942443
74,Lambton Baby Point,114,2019,310.893219,119.5743179,119.5743179,179.3614807,NA,47.82972717,35.87229538,203.2763367,11.95743179,836.3000030566766
74,Lambton Baby Point,114,2020,371.47991940000003,131.8154602,119.8322372,155.7819061,NA,11.98322392,0,191.7315826,23.96644783,834.5000195453364
74,Lambton Baby Point,114,2021,410.8761292,132.9305115,72.5075531,72.5075531,NA,NA,0,84.59214783,12.08459187,827.5000075132133
74,Lambton Baby Point,114,2022,652.4102783,289.960144,72.34145165,132.8983917,NA,12.08167171,12.08167171,72.34145165,12.08167171,827.7000193913101
74,Lambton Baby Point,114,2023,373.7641602,241.1381683,12.05690861,180.8536224,NA,60.28454208,12.05690861,96.45526886,24.11381721,829.4000147957471
75,Weston,113,2014,937.5,296.3362122,37.71551895,177.8017273,0,188.5775909,16.16379356,404.0948181,21.55172348,1856
75,Weston,113,2015,819.3163452,195.3336945,27.12968063,293.0005493,0,244.1671143,32.55561447,341.8339539,16.27780724,1842.9999704587854
75,Weston,113,2016,997.1121826,217.9480133,32.69220352,239.7428284,16.34610176,228.8454132,70.83310699,506.7291565,21.79480171,1835.3000113068722
75,Weston,113,2017,960.5065308,225.3702545,59.02554321,402.4468689,5.365958214,246.8340912,42.92766571,450.740509,16.0978756,1863.6000304017923
75,Weston,113,2018,823.0886841,290.1915283,68.59072113,200.4959564,5.276209354,221.6007996,42.20967484,385.1632996,42.20967484,1895.3000206846118
75,Weston,113,2019,992.7235107,239.0852356,41.58003998,301.4552917,10.39500999,129.9376373,67.56756592,369.0228577,20.79001999,1923.9999651596847
75,Weston,113,2020,1053.338135,402.7469482,51.63422394,123.9221344,15.4902668,139.4123993,25.81711197,454.3811646,51.63422394,1936.7000322265937
75,Weston,113,2021,1052.088745,309.4378662,30.94378471,185.6627197,0,128.9324341,20.62919044,361.0108337,25.78648758,1938.9999272352256
75,Weston,113,2022,1236.523438,495.6312866,30.28926246,235.0416412,10.21920204,163.5072327,25.54800415,434.1460952,45.98640823,1957.0999834133352
75,Weston,113,2023,1226.715088,535.1102905,55.5303154,307.9408264,5.048210621,181.7355804,20.19284248,302.8926392,20.19284248,1980.900066992573
76,Beechborough-Greenbrook,112,2014,903.0704346,150.511734,15.05117416,301.023468,0,240.8187866,15.05117416,135.4605713,30.10234833,664.4000036007823
76,Beechborough-Greenbrook,112,2015,1014.229492,105.9642715,75.68876648,227.0662994,0,166.5152893,60.55101395,257.3417969,75.68876648,660.5999976186848
76,Beechborough-Greenbrook,112,2016,940.1061401,136.4670258,15.16300201,166.7930298,0,197.1190338,15.16300201,121.3040161,60.65200806,659.5000006425339
76,Beechborough-Greenbrook,112,2017,928.2826538,134.7507172,0,239.5568237,0,134.7507172,14.97230148,254.5291138,29.94460297,667.9000167265648
76,Beechborough-Greenbrook,112,2018,691.7868652,161.9075623,14.71886921,367.9717407,0,191.3453064,0,176.6264343,NA,679.4000054686207
76,Beechborough-Greenbrook,112,2019,974.2620239,189.0359192,14.54122448,159.9534607,0,174.4946899,72.70612335,101.7885742,29.08244896,687.7000063268092
76,Beechborough-Greenbrook,112,2020,679.6818237,216.9197388,0,101.2292099,0,57.84526443,14.46131611,303.6876221,28.92263222,691.5000278239748
76,Beechborough-Greenbrook,112,2021,824.1758423,260.2660522,0,101.2145767,28.9184494,187.9699249,72.29612732,187.9699249,NA,691.5999847912552
76,Beechborough-Greenbrook,112,2022,1005.313782,301.5941467,0,186.7011414,0,28.72325134,28.72325134,340.087856,28.72325134,696.3000135215494
76,Beechborough-Greenbrook,112,2023,1161.966797,325.9175415,42.51098251,340.0878601,14.17032719,170.0439301,70.85163879,170.0439301,99.19229126,705.7000269862272
77,Rockcliffe-Smythe,111,2014,580.7150879,208.017334,47.67063904,160.3466949,0,169.0140839,8.667388916,221.0184174,30.33586121,2307.499887502062
77,Rockcliffe-Smythe,111,2015,591.9735107,178.462616,56.5857048,165.4043732,8.705492973,161.0516205,26.11647987,235.0483093,13.05823994,2297.4000954735625
77,Rockcliffe-Smythe,111,2016,619.1680298,148.2515106,39.24304581,165.6928558,0,265.9806519,13.08101463,183.1342163,17.44135284,2293.400065340389
77,Rockcliffe-Smythe,111,2017,489.3893433,216.5439606,51.97055054,160.2425232,0,203.5513153,4.330879211,251.1909943,43.30879211,2309.000012914666
77,Rockcliffe-Smythe,111,2018,565.6011353,227.0974426,25.70914459,102.8365784,0,81.41229248,17.13942909,321.3642883,64.27285767,2333.8001245345095
77,Rockcliffe-Smythe,111,2019,630.2163086,161.8123016,21.29109192,183.1033936,4.258218288,38.32396698,25.54931068,306.5917358,38.32396698,2348.4000331374477
77,Rockcliffe-Smythe,111,2020,537.473877,264.471283,4.265665531,157.8296356,8.531331062,59.71931839,21.32832909,281.5339355,17.06266212,2344.2999816714814
77,Rockcliffe-Smythe,111,2021,596.7714233,201.786026,47.22651672,150.2661896,4.293319702,68.69311523,51.51983643,180.3194275,21.46659851,2329.2000014237274
77,Rockcliffe-Smythe,111,2022,745.916748,261.4995422,29.8469279,141.4669647,0,81.45067596,30.00814438,251.5669637,51.4425354,2332.700002601363
77,Rockcliffe-Smythe,111,2023,767.4924316,319.7885132,51.16616058,225.9838867,NA,85.27693939,34.11077499,396.5377502,46.90231705,2345.300000219572
78,Keelesdale-Eglinton West,110,2014,623.1350098,157.97789,26.32964706,201.8606262,8.776549339,307.1792297,17.55309868,157.97789,8.776549339,1139.3999515897526
78,Keelesdale-Eglinton West,110,2015,551.4705811,122.5490189,35.01400375,175.0700226,0,175.0700226,43.76750565,148.8095245,17.50700188,1142.400014781133
78,Keelesdale-Eglinton West,110,2016,478.7187805,139.2636414,26.11193275,121.85569,0,243.71138,8.703977585,104.447731,NA,1148.899985552165
78,Keelesdale-Eglinton West,110,2017,526.0888062,250.1078033,51.74644089,120.7416992,8.624406815,206.9857635,25.87322044,189.7369537,34.49762726,1159.500055525036
78,Keelesdale-Eglinton West,110,2018,662.7581177,195.4286652,25.49069595,263.4038696,0,169.937973,42.48449326,178.4348755,25.49069595,1176.899956664235
78,Keelesdale-Eglinton West,110,2019,504.8380432,277.6609192,16.82793427,151.451416,8.413967133,92.55364227,0,244.0050507,75.72570801,1188.499971588512
78,Keelesdale-Eglinton West,110,2020,705.8823242,193.2773132,42.01680756,193.2773132,0,92.43697357,16.80672264,260.5042114,33.61344528,1190.0000484528352
78,Keelesdale-Eglinton West,110,2021,632.2178345,202.3097076,16.8591423,227.5984192,25.28871346,59.00699615,16.8591423,286.6054077,8.429571152,1186.2999730040042
78,Keelesdale-Eglinton West,110,2022,880.2816772,243.125412,25.06475061,142.5218048,0,92.21998596,0,292.4220904,NA,1192.8000175351144
78,Keelesdale-Eglinton West,110,2023,935.7506714,284.0671692,16.70983315,242.2925873,8.354916573,217.2278442,8.354916573,192.1630859,25.06475067,1196.9000228707716
79,Palmerston-Little Italy,80,2014,583.4143677,90.29032135,326.4342346,375.0520935,0,201.4168701,6.945409298,291.7071838,41.67245483,1439.7999886625007
79,Palmerston-Little Italy,80,2015,557.7633667,111.5526733,362.5462036,306.7698669,0,111.5526733,0,780.8687134,6.972042084,1434.3000056335538
79,Palmerston-Little Italy,80,2016,481.4065552,97.67668915,376.7529602,279.0762634,0,209.3071899,0,313.9607849,41.86143875,1433.2999676610968
79,Palmerston-Little Italy,80,2017,574.3944702,103.8062286,359.8616028,256.0553589,0,96.88581085,6.920415401,581.3148804,48.44290543,1444.9999835670424
79,Palmerston-Little Italy,80,2018,567.8319702,136.8269806,444.6876831,314.7020569,0,143.668335,0,547.3079224,75.25483704,1461.7000161291728
79,Palmerston-Little Italy,80,2019,645.2050781,88.29122162,325.9983826,346.3732605,0,67.91632843,0,441.4561157,81.49959564,1472.400066654094
79,Palmerston-Little Italy,80,2020,408.0244751,108.8065262,442.0265198,326.4195862,0,61.2036705,0,346.8208008,27.20163155,1470.5000229531574
79,Palmerston-Little Italy,80,2021,533.078186,75.17769623,191.3614044,218.6987457,6.834335804,61.50902176,0,150.3553925,NA,1463.199996707425
79,Palmerston-Little Italy,80,2022,579.9276733,163.7442932,217.7018845,245.6164246,6.8226785659999996,88.69482422,0,244.91462,47.75875092,1465.7000159402462
79,Palmerston-Little Italy,80,2023,523.8451538,95.2445755,224.5050659,238.1114349,13.60636806,142.8668671,13.60636806,204.09552,54.42547226,1469.900016091358
80,University,79,2014,1903.949951,113.6686554,1506.109741,1037.22644,0,682.0119629,0,1122.478027,99.46007538,703.8000128607372
80,University,79,2015,2213.65332,99.97143555,1570.979736,856.8980103,0,342.7592163,0,1028.277588,142.8163452,700.1999753059797
80,University,79,2016,1774.724487,186.0598297,1946.472046,729.927002,0,486.6180115,0,858.7376709,85.87376404,698.7000005257718
80,University,79,2017,2258.292236,98.80028534,2046.577271,903.3168945,14.11432648,324.6294861,14.11432648,1609.033203,84.68595886,708.4999782109688
80,University,79,2018,1748.785522,138.792511,1943.095093,1027.064575,0,277.585022,13.87925053,1013.185303,249.8265076,720.5000179547461
80,University,79,2019,1759.410767,163.6661224,1022.913269,1241.134766,13.63884354,218.2214966,0,804.6917725,95.47190094,733.2000145705599
80,University,79,2020,1003.117798,81.33387756,935.3395386,799.7830811,0,122.0008163,0,786.227478,81.33387756,737.7000004141089
80,University,79,2021,1243.243286,81.08107758,824.3243408,432.4324341,0,162.1621552,13.51351357,310.8108215,67.56756592,739.9999745504357
80,University,79,2022,1476.708252,214.7939301,1533.580116,523.5601807,0,187.9446869,0,502.3796933,161.0954437,744.9000156328781
80,University,79,2023,1679.005859,92.54362488,700.687439,727.128479,NA,185.0872498,NA,515.6002197,145.425705,756.3999810914298
81,Kensington-Chinatown,78,2014,1764.801147,129.5266876,496.51898190000003,555.885376,0,426.3586731,10.79389095,2914.350586,102.5419617,1852.899974344815
81,Kensington-Chinatown,78,2015,2029.681396,152.7717133,567.4378052,540.1571655,5.456132889,294.6311646,21.82453156,2782.627686,196.4207764,1832.7999691632392
81,Kensington-Chinatown,78,2016,2033.9729,164.9167175,703.6446533,439.7779236,27.48612022,368.3139954,49.47501373,2913.528564,109.9444809,1819.0999496600962
81,Kensington-Chinatown,78,2017,2251.045166,160.7889404,771.7869263,568.1209106,0,487.7264404,48.23668289,2310.000977,144.7100372,1865.7999685822388
81,Kensington-Chinatown,78,2018,2265.861084,119.8041458,739.6604004,1250.130249,15.62662792,411.5011902,36.4621315,1484.529663,140.6396484,1919.7999518667755
81,Kensington-Chinatown,78,2019,1935.287231,218.4182434,604.4597778,1412.099365,0,238.7362213,20.317976,1777.822876,182.8617859,1968.7000146388089
81,Kensington-Chinatown,78,2020,1969.606079,284.9430237,494.9010315,869.8260498,4.999000072,214.957016,29.99400139,954.809021,129.973999,2000.39999978087
81,Kensington-Chinatown,78,2021,1879.141479,123.6277313,529.126709,479.6755981,9.890218735,123.6277313,44.50598526,450.0049438,103.8472977,2022.2000538363936
81,Kensington-Chinatown,78,2022,1849.963623,174.7997131,419.237835,504.9769287,4.855547428,203.9329987,24.27773666,452.2115973,101.9664993,2059.499955908052
81,Kensington-Chinatown,78,2023,2270.479004,235.5268707,645.3436279,683.0279541,4.710537434,216.6847229,23.55268669,489.8959045,136.6055908,2122.900053913029
82,North St.James Town,74,2014,808.75354,116.2913589,232.5827179,375.3039551,10.57194233,185.0089874,5.285971165,491.5953064,31.71582603,1891.8000655675646
82,North St.James Town,74,2015,831.491394,57.88864517,310.4936218,378.9074707,10.52520752,157.8781128,0,468.3717651,15.78781223,1900.2000638866505
82,North St.James Town,74,2016,711.3342896,88.91678619,319.0543518,271.9807434,0,109.8383789,10.46079826,800.2510376,41.843193050000004,1911.899960234955
82,North St.James Town,74,2017,824.0626221,72.10547638,339.9258423,247.2187958,0,175.1133118,5.150391579,272.9707336,41.20313263,1941.6000156913317
82,North St.James Town,74,2018,846.5983887,45.62506485,202.7780609,359.9310608,0,152.0835419,30.41670799,441.0422668,15.208354,1972.600021793545
82,North St.James Town,74,2019,1140.798584,100.0700455,270.1891174,350.2451782,0,170.1190796,10.00700474,495.3467407,75.05253601,1998.5999561864817
82,North St.James Town,74,2020,1152.737793,134.1548309,248.4348602,303.0905151,0,173.9044037,4.968697071,377.6210022,44.71827316,2012.599928698616
82,North St.James Town,74,2021,1297.410156,99.41840363,134.2148438,223.6914063,0,79.53472137,14.91276073,183.9240417,14.91276073,2011.6999916563009
82,North St.James Town,74,2022,1088.777222,73.89890289,175.6783135,182.2839661,4.926593781,113.3116531,19.70637512,312.3170018,24.6329689,2029.799995209672
82,North St.James Town,74,2023,1346.867065,48.79953003,200.0780792,195.1981201,NA,141.5186462,4.879953384,273.2773743,43.91957855,2049.2000077231082
83,Moss Park,73,2014,2052.802734,148.2579651,570.2229614,872.4411011,5.7022295,701.3742676,17.10668945,1043.508057,39.91560745,1753.6999246806342
83,Moss Park,73,2015,2195.575928,114.9802856,563.9509277,531.0994263,5.475251675,744.6342773,21.9010067,941.7433472,71.17827606,1826.4000569785806
83,Moss Park,73,2016,2476.861572,84.13967133,615.2713623,678.3760986,10.51745892,652.0824585,26.29364777,736.2221069,63.1047554,1901.600014003528
83,Moss Park,73,2017,2297.145264,107.4388657,716.2590942,680.446106,15.3484087,506.4974976,35.81295395,879.9754639,102.3227234,1954.599942095782
83,Moss Park,73,2018,2760.812256,253.239975,670.3411255,680.2720947,19.86195946,794.4783936,44.68940735,1226.475952,178.7576294,2013.900071588207
83,Moss Park,73,2019,3103.248291,207.8499603,522.041748,1121.423096,14.50115967,676.7208252,9.667440414,1063.418457,120.8430023,2068.799979240849
83,Moss Park,73,2020,3582.768555,194.3035889,507.0849609,957.3005981,9.478223801,644.5192261,18.9564476,791.4317017,71.08667755,2110.100020122567
83,Moss Park,73,2021,2980.5354,233.9509583,444.5068359,720.5689697,4.679019451,411.7536926,14.03705788,594.2354736,74.86431122,2137.1999138141423
83,Moss Park,73,2022,2516.531982,270.9404907,405.2776152,587.8031006,13.77663517,303.085968,45.92211533,409.7806998,73.47538757,2177.599982514349
83,Moss Park,73,2023,2823.434082,193.6326447,445.8053894,652.9472656,31.52159309,252.1727448,13.5092535,486.3331299,112.5771179,2220.6999766605495
84,Regent Park,72,2014,938.6676636,82.01950073,273.3983459,300.7381897,9.113278389,200.4921112,54.67966843,519.4568481,72.90622711,1097.2999709500166
84,Regent Park,72,2015,943.1395874,126.9610977,244.8535461,272.0594788,0,163.2356873,36.27459717,535.050354,45.34325027,1102.6999755858196
84,Regent Park,72,2016,1099.792603,27.04408264,351.5730591,225.3673553,9.014694214,162.2644958,72.11755371,405.6612244,18.02938843,1109.3000595495002
84,Regent Park,72,2017,1052.994995,86.31106567,319.3509521,250.3020935,34.52442551,155.3599243,77.67996216,336.6131592,17.26221275,1158.5999988537458
84,Regent Park,72,2018,1148.760376,82.64463043,371.9008179,223.1405029,16.52892494,247.9338837,82.64463043,578.5123901,33.05784988,1209.9999521571242
84,Regent Park,72,2019,1367.684448,182.8880463,357.8244324,516.8574829,7.951653957,135.1781158,47.70992279,469.147583,47.70992279,1257.6000279269097
84,Regent Park,72,2020,1109.399048,84.74576569,231.1248016,215.7164917,7.704160213,100.1540833,53.92912292,323.5747375,30.81664085,1298.0000321759785
84,Regent Park,72,2021,1346.97876,67.72518921,105.3502884,240.8006592,7.525020599,120.4003296,15.0500412,165.5504608,45.1501236,1328.899944940483
84,Regent Park,72,2022,926.0609741,80.21000671,105.8873359,182.2954712,0,80.21000671,21.87545586,190.5972046,36.45909119,1371.399978531932
84,Regent Park,72,2023,1129.464966,84.70986938,190.5971985,282.3662415,NA,141.1831207,14.11831188,240.0112915,56.47324753,1416.5999372839335
85,Cabbagetown-South St.James Town,71,2014,740.9960327,68.92986298,551.4389038,620.3687744,17.23246574,77.5460968,8.616232872,603.1362915,34.46493149,1160.600006003244
85,Cabbagetown-South St.James Town,71,2015,913.8381348,60.92254257,635.335083,591.8189697,0,113.141861,8.703220367,1009.573547,43.51610184,1148.999981522767
85,Cabbagetown-South St.James Town,71,2016,1113.546631,78.91275787,587.4616699,455.9403687,0,210.434021,0,955.7211914,61.37659073,1140.5000604774852
85,Cabbagetown-South St.James Town,71,2017,867.9802246,69.43841553,425.3103027,503.4285278,0,364.5516968,8.679801941,902.6994019,60.75861359,1152.0999806888917
85,Cabbagetown-South St.James Town,71,2018,993.8314209,162.7827301,736.8060303,351.2680054,0,282.7279053,8.567511559,933.8588257,51.40507126,1167.1999653115415
85,Cabbagetown-South St.James Town,71,2019,1236.868896,194.8491974,516.7739868,931.8875122,0,152.4906769,16.94340897,626.9061279,25.41511345,1180.399963748462
85,Cabbagetown-South St.James Town,71,2020,1183.131958,126.7641373,405.6452332,591.565979,8.450942039,160.5679016,0,464.8018188,25.35282707,1183.2999612034823
85,Cabbagetown-South St.James Town,71,2021,1059.142578,42.36569977,321.9793396,576.1735229,8.473139763,127.0970993,0,432.1301575,59.3119812,1180.1999333842284
85,Cabbagetown-South St.James Town,71,2022,1146.905029,160.2293854,317.513369,565.0194092,0,193.9618835,0,434.4919786,75.89812469,1185.800014484024
85,Cabbagetown-South St.James Town,71,2023,1094.585571,158.7566833,259.0240784,442.8475952,NA,116.9786072,NA,417.7807617,50.13368988,1196.7999896099489
86,South Riverdale,70,2014,772.0453491,73.17965698,256.1287842,321.9904785,3.658982754,219.5389709,7.317965508,783.0223389,62.2027092,2733.000078893941
86,South Riverdale,70,2015,734.0444946,83.16760254,325.438446,354.3663025,0,155.4872589,0,542.3973999,61.47170639,2765.4999321344953
86,South Riverdale,70,2016,827.1829224,96.26698303,459.9422302,534.8165283,10.69633102,174.7067413,24.95810509,534.8165283,78.4397583,2804.700069567103
86,South Riverdale,70,2017,844.0302734,130.1213226,400.9143677,327.0617065,17.58396339,232.1083221,31.65113449,429.0487061,91.43660736,2843.499902357886
86,South Riverdale,70,2018,1033.636353,141.7360992,466.6920166,314.5849915,6.913955688,134.8221436,13.82791138,570.4013672,82.96746826,2892.7001177173183
86,South Riverdale,70,2019,872.7966919,129.5557556,245.4740753,450.0357971,0,122.7370377,20.45617294,531.8604736,71.59660339,2933.1000263384476
86,South Riverdale,70,2020,738.7075806,132.1541138,379.5195007,484.5650635,0,118.5998459,10.16570091,464.2336731,74.54847717,2951.1000797221277
86,South Riverdale,70,2021,779.3704224,162.6512146,318.5252991,457.456543,6.777133942,101.6570129,6.777133942,420.182312,71.15990448,2951.0999312975723
86,South Riverdale,70,2022,1014.784973,258.7365723,172.5568276,342.7419434,3.360214949,141.1290283,20.16129112,265.4720425,73.92472839,2975.9999215124362
86,South Riverdale,70,2023,1124.937744,268.7904358,282.0640564,321.8848572,3.318400621,146.0096283,9.955201149,301.9744568,89.59681702,3013.5000964106684
87,Blake-Jones,69,2014,962.5,75,150,250,0,150,12.5,400,25,800
87,Blake-Jones,69,2015,892.5204468,62.85354996,188.5606537,351.9798889,0,163.4192352,12.57071018,263.9849243,25.14142036,795.499982712553
87,Blake-Jones,69,2016,819.3621826,63.02785873,151.266861,289.9281616,12.60557175,163.8724365,50.42228699,264.7170105,NA,793.2999762539931
87,Blake-Jones,69,2017,799.9000244,99.98750305,199.9750061,212.4734344,0,199.9750061,24.996875760000002,212.4734344,24.996875760000002,800.0999880954623
87,Blake-Jones,69,2018,827.3648071,123.4872818,74.09236908,333.4156494,0,185.2309265,24.69745636,160.5334625,12.34872818,809.7999748725352
87,Blake-Jones,69,2019,893.4035034,97.90723419,220.291275,220.291275,0,122.3840408,24.47680855,281.4833069,48.9536171,817.0999970582833
87,Blake-Jones,69,2020,708.786499,85.54319763,244.4091339,329.9523315,0,61.10228348,24.44091415,317.7318726,61.10228348,818.300011101086
87,Blake-Jones,69,2021,626.4586792,61.4175148,245.6700592,331.6546021,0,159.6855469,12.28350353,159.6855469,24.56700706,814.0999828612479
87,Blake-Jones,69,2022,721.977478,110.1321564,72.91286912,269.2119446,12.23690605,134.6059723,24.4738121,170.1300279,12.23690605,817.2000068955059
87,Blake-Jones,69,2023,984.3237305,85.0650177,133.6735992,413.1729126,12.15214443,133.6735992,48.60857773,182.2821655,36.45643616,822.900002206134
88,North Riverdale,68,2014,400.6541443,98.11937714,220.7686005,351.5944519,0,163.5323029,0,498.7734985,24.52984428,1222.9999538781758
88,North Riverdale,68,2015,536.6135254,82.55593109,206.3898315,421.0352478,0,280.690155,0,371.5016785,16.5111866,1211.300068360148
88,North Riverdale,68,2016,423.6584167,58.14919281,249.2108307,340.5881348,8.307027817,257.5178528,16.61405563,431.9654541,49.8421669,1203.799995223841
88,North Riverdale,68,2017,545.0941772,82.59002686,222.9930573,231.2520599,8.259002686,198.2160492,0,330.3601074,41.29501343,1210.7999454153774
88,North Riverdale,68,2018,451.1154785,90.22309875,401.90289309999997,278.8713989,0,147.6378021,0,262.4671936,41.01049805,1219.200019092229
88,North Riverdale,68,2019,595.7238159,171.3726196,310.1028137,350.9058228,0,179.5332184,8.160600662,456.9936218,40.8030014,1225.4000604242085
88,North Riverdale,68,2020,286.8382263,114.7352905,295.0335999,278.6428528,0,122.9306641,0,303.2289734,16.3907547,1220.1999869917618
88,North Riverdale,68,2021,445.7652283,123.8236771,140.3334961,264.1571655,8.254911423,41.27455902,8.254911423,272.4120789,8.254911423,1211.4000054678559
88,North Riverdale,68,2022,628.6187134,256.4102478,172.5838264,239.8676605,0,74.44168854,0,254.7666009,24.81389618,1208.9999610247046
88,North Riverdale,68,2023,657.4622192,221.8934937,123.2741623,262.9848633,8.218276978,73.96450043,16.43655396,156.1472778,16.43655396,1216.7999569213878
89,Playter Estates-Danforth,67,2014,622.4873657,25.93697357,259.3697205,466.865509,0,168.590332,0,350.1491394,NA,771.0999876442953
89,Playter Estates-Danforth,67,2015,492.866394,90.791183470000007,103.7613525,518.8067627,0,142.6718597,0,272.3735352,25.94033813,771.0000207480164
89,Playter Estates-Danforth,67,2016,880.0310669,90.59143066,194.1244965,310.5992126,0,129.4163361,0,116.4747009,38.82490158,772.6999938710914
89,Playter Estates-Danforth,67,2017,849.6395264,51.49330521,193.0998993,193.0998993,0,77.23995972,25.7466526,308.9598389,12.8733263,776.8000187049678
89,Playter Estates-Danforth,67,2018,651.5906372,102.2102966,140.5391541,293.8546143,25.55257416,76.65772247,12.77628708,255.5257416,25.55257416,782.7000126821345
89,Playter Estates-Danforth,67,2019,941.4758301,114.5038147,139.9491119,445.2926331,0,127.2264633,25.44529343,839.6946411,76.33587646,785.9999973885681
89,Playter Estates-Danforth,67,2020,905.0350342,76.48183441,407.9031372,637.3486328,0,89.22880554,12.74697304,382.4091797,89.22880554,784.5000173143574
89,Playter Estates-Danforth,67,2021,681.4091187,77.14065552,334.2761536,527.1278076,0,154.281311,12.85677528,424.2735901,12.85677528,777.7999816191775
89,Playter Estates-Danforth,67,2022,1222.651245,218.7902222,347.7588872,398.9703979,0,180.1801758,12.87001324,528.0783101,51.48005295,776.9999857972581
89,Playter Estates-Danforth,67,2023,1365.275635,412.1586914,141.6795502,321.9989624,NA,231.8392639,25.75991821,334.8789368,NA,776.3999977923872
90,Danforth,66,2014,840.2510376,80.98805237,101.2350693,394.8167725,10.12350655,141.7290955,0,394.8167725,20.24701309,987.8000298228968
90,Danforth,66,2015,901.083313,40.49812698,111.3698502,404.9812622,10.12453175,192.3661041,10.12453175,607.4719238,40.49812698,987.7000130397488
90,Danforth,66,2016,747.0220337,50.4744606,262.4671936,413.890564,10.09489155,191.802948,10.09489155,181.7080536,40.37956619,990.5999644144098
90,Danforth,66,2017,781.0153198,40.0520668,100.1301727,290.3775024,10.0130167,290.3775024,10.0130167,150.1952515,30.03905106,998.7000001481916
90,Danforth,66,2018,1000.396179,108.9540405,227.8129883,297.1473999,9.904912949,326.8621216,9.904912949,287.2424622,49.52456284,1009.6000176745978
90,Danforth,66,2019,816.607605,78.70916748,275.4820862,393.5458374,0,196.7729187,9.838645935,570.6414795,39.35458374,1016.4000370777835
90,Danforth,66,2020,590.609314,68.90441895,383.8960571,393.7395325,9.843488693,157.4958191,9.843488693,580.7658081,19.68697739,1015.8999964568794
90,Danforth,66,2021,821.9449463,217.8649292,643.6918335,505.0505066,0,118.8354111,0,495.1475525,49.51475525,1009.7999917588885
90,Danforth,66,2022,1136.700562,217.4557648,304.7282021,563.4081421,0,217.4557648,19.76870537,393.1976801,29.65305901,1011.7000364428429
90,Danforth,66,2023,1297.552368,245.7485504,127.7892456,226.0886688,NA,206.4287872,19.6598835,275.2383728,49.14971161,1017.2999815295317
91,Greenwood-Coxwell,65,2014,755.3277588,107.9039688,107.9039688,323.7118835,13.4879961,107.9039688,13.4879961,350.6878967,33.71998978,1482.7999990088542
91,Greenwood-Coxwell,65,2015,964.1965942,114.6247711,168.5658417,229.2495422,0,121.3674088,6.74263382,431.5285645,47.19843674,1483.1000322983716
91,Greenwood-Coxwell,65,2016,678.7634277,87.36559296,248.6559143,416.6666565,0,94.08602142,6.720429897,396.5053711,47.04301071,1488.0000288501108
91,Greenwood-Coxwell,65,2017,519.4459229,86.57431793,179.808197,219.7655792,0,166.4890747,6.659563065,239.744278,53.27650452,1501.6000041839966
91,Greenwood-Coxwell,65,2018,797.1014404,111.9894562,171.2779999,250.3293762,6.58761549,131.7523041,0,428.1950073,39.52569199,1518.00001690224
91,Greenwood-Coxwell,65,2019,841.8167725,189.2456207,254.5027466,313.2341309,0,71.78282166,32.6285553,652.571106,32.6285553,1532.3999736534117
91,Greenwood-Coxwell,65,2020,776.965271,195.8735962,365.6307068,267.6939087,0,150.169754,13.05823994,652.9119873,26.11647987,1531.5999883346137
91,Greenwood-Coxwell,65,2021,741.5184937,118.1179886,393.7266235,249.360199,0,98.43165588,13.12422085,387.1645203,39.37266159,1523.8999561043584
91,Greenwood-Coxwell,65,2022,765.105957,156.944809,214.2857143,228.8778381,6.539367199,215.799118,6.539367199,253.2467532,45.77556992,1529.1999615159186
91,Greenwood-Coxwell,65,2023,824.675354,188.3116913,103.8961029,149.350647,6.493506432,45.45454407,NA,233.7662354,19.48052025,1539.999945239057
92,Woodbine Corridor,64,2014,724.5799561,55.73692322,39.81208801,254.7973633,0,103.5114288,0,326.4591064,15.92483521,1255.9000457285765
92,Woodbine Corridor,64,2015,591.8560791,78.91413879,110.4797974,197.2853546,23.67424202,126.2626266,15.78282833,299.8737488,23.67424202,1267.1999604033467
92,Woodbine Corridor,64,2016,654.7155151,77.94232178,233.8269653,405.3000793,0,70.14809418,7.794232368,226.0327301,46.7653923,1282.9999910292336
92,Woodbine Corridor,64,2017,617.3792114,38.58620071,138.9103241,231.5172119,0,146.6275635,0,300.9723816,23.15172005,1295.8000289414992
92,Woodbine Corridor,64,2018,732.6566162,91.58207703,160.2686462,183.1641541,0,206.0596771,0,610.5471802,53.42288208,1310.3000488539094
92,Woodbine Corridor,64,2019,771.0916138,60.47777557,181.4333191,249.4708252,0,90.71665955,15.11944389,514.0610962,22.67916489,1322.8000172033514
92,Woodbine Corridor,64,2020,536.3753052,83.10040283,241.7466125,256.8557739,7.554581642,45.32749176,0,407.9474182,30.21832657,1323.7000158597161
92,Woodbine Corridor,64,2021,591.7608643,98.62680817,144.1468811,235.1870117,7.586678028,60.69342422,0,257.947052,15.17335606,1318.1000080542162
92,Woodbine Corridor,64,2022,831.3179932,143.5912933,105.4058124,181.378479,7.557436466,60.45949173,7.557436466,188.224665,37.78718185,1323.200037768652
92,Woodbine Corridor,64,2023,767.956604,240.9275665,67.76087952,188.2246704,NA,52.70290756,7.528986454,255.9855499,22.58695984,1328.200050220546
93,The Beaches,63,2014,399.9636536,36.36033249,240.8871918,204.5268555,0,77.26570129,0,313.6078491,36.36033249,2200.199923366237
93,The Beaches,63,2015,500.1591492,109.1256332,81.84422302,190.9698486,0,63.65661621,0,445.5963135,22.73450661,2199.299966339594
93,The Beaches,63,2016,380.83148190000003,31.73595619,403.5000305,349.09552,0,72.53932953,0,294.69104,13.60112476,2205.700000979882
93,The Beaches,63,2017,506.8400879,49.33841705,139.044632,152.5005646,0,215.2949066,0,278.0892639,31.39717484,2229.500047405386
93,The Beaches,63,2018,442.8305664,141.70578,163.8473053,190.4171448,0,48.71136475,0,438.4022522,22.14152908,2258.200033772556
93,The Beaches,63,2019,368.2111206,92.05278015,162.1882324,254.2409973,0,70.13545227,8.766931534,236.7071381,39.45119095,2281.2999200872046
93,The Beaches,63,2020,380.8606567,105.0650101,205.7523041,280.1733704,0,30.64396095,0,267.0402222,43.77708817,2284.3000049892003
93,The Beaches,63,2021,399.5258484,131.7118073,92.19827271,171.2253571,0,74.63669586,0,210.7389069,35.12314987,2277.6999376744207
93,The Beaches,63,2022,528.8461304,236.0139923,90.92089882,187.9370575,0,87.41259003,0,220.8078971,34.96503448,2288.0001014374448
93,The Beaches,63,2023,489.2410278,251.1148682,108.2391663,168.8531036,4.329566479,69.27306366,NA,212.1487579,69.27306366,2309.6999960966887
94,East End-Danforth,62,2014,821.0028076,92.76868439,185.5373688,371.0747375,13.91530228,157.7067566,4.638433933,361.7978516,18.55373573,2155.9000573629705
94,East End-Danforth,62,2015,880.7713623,64.89894104,213.2393799,417.207489,0,152.9760742,0,533.0984497,41.7207489,2157.2000195810638
94,East End-Danforth,62,2016,771.1488647,106.206131,235.5005493,355.5596619,0,193.9416351,9.235316277,360.1773071,50.79423904,2165.6000241272222
94,East End-Danforth,62,2017,784.4210205,114.0146866,173.3023224,287.3170166,0,191.5446777,9.121174812,300.9987793,41.04528809,2192.7000361408595
94,East End-Danforth,62,2018,817.5733643,143.7491608,202.1472473,354.8807373,4.492161274,143.7491608,8.984322548,431.247467,35.93729019,2226.099918945219
94,East End-Danforth,62,2019,811.8539429,88.727211,137.5271759,275.0543518,0,119.7817307,8.872720718,297.236145,39.92724228,2254.1000336379593
94,East End-Danforth,62,2020,636.0424194,123.6749115,216.4310913,269.4346313,0,114.8409882,8.833922386,485.8657227,22.08480644,2263.9999410077085
94,East End-Danforth,62,2021,809.0900879,172.4290314,185.6928101,296.2242432,8.842514992,123.7952042,8.842514992,366.9643555,35.37005997,2261.8000484343843
94,East End-Danforth,62,2022,944.1834106,180.0535736,195.5586459,303.0169983,0,101.0056686,8.783101082,360.6970579,52.6986084,2277.099953105234
94,East End-Danforth,62,2023,947.3729858,217.287384,117.3351898,191.2128906,8.691494942,73.87770844,4.345747471,278.1278381,30.42023468,2301.100023618596
95,Taylor-Massey,61,2014,739.4060059,74.56195068,55.92146301,198.8318634,0,155.3373871,12.42699146,186.4048767,24.85398293,1609.3999649780233
95,Taylor-Massey,61,2015,591.9371948,56.07825851,49.84734344,442.3951721,6.230917931,255.4676361,0,292.8531494,18.69275284,1604.899993353146
95,Taylor-Massey,61,2016,604.5874023,37.39715958,56.09573746,261.7800903,6.232859612,105.9586105,12.46571922,218.1500854,31.16429901,1604.3999532737205
95,Taylor-Massey,61,2017,619.8475342,30.99237633,30.99237633,167.3588257,6.198475361,111.57255550000001,12.39695072,235.5420532,12.39695072,1613.2999565621244
95,Taylor-Massey,61,2018,756.132019,73.76898193,104.5060577,252.0440216,0,110.6534729,6.147415161,184.4224548,24.58966064,1626.7000591070062
95,Taylor-Massey,61,2019,703.8374634,67.32357788,24.48130226,385.5805054,6.120325565,79.56423187,12.24065113,287.655304,18.36097717,1633.8999553174394
95,Taylor-Massey,61,2020,686.9058838,85.86323547,104.2624969,190.1257324,0,165.5933838,18.39926338,343.4529419,49.0647049,1630.4999366202837
95,Taylor-Massey,61,2021,717.644165,123.7317505,105.1719894,98.98539734,0,61.86587524,12.37317467,334.0757141,61.86587524,1616.3999605570539
95,Taylor-Massey,61,2022,711.5895996,92.81604004,68.08194591,154.6934052,6.187736034,61.87735748,18.56320763,358.977533,24.75094414,1616.1000675760858
95,Taylor-Massey,61,2023,891.2545776,173.2994995,99.02828217,111.4068222,NA,173.2994995,6.189267635,204.2458344,18.56780434,1615.6999764059333
96,Woodbine-Lumsden,60,2014,626.7666016,24.57908249,61.44770813,442.4234924,0,61.44770813,0,602.187561,24.57908249,813.7000259715179
96,Woodbine-Lumsden,60,2015,506.1103516,74.06493378,37.03246689,222.1947937,12.34415531,86.40908813,0,432.0454407,37.03246689,810.1000082370178
96,Woodbine-Lumsden,60,2016,444.444458,24.69135857,86.419754029999993,172.8395081,0,37.0370369,12.34567928,444.444458,74.07407379,809.9999752950008
96,Woodbine-Lumsden,60,2017,417.434021,12.27747059,24.55494118,122.7747116,12.27747059,73.66482544,12.27747059,208.7170105,NA,814.4999757937794
96,Woodbine-Lumsden,60,2018,499.5126648,24.36647224,73.09941864,170.5653076,0,73.09941864,12.18323612,414.230011,36.54970932,820.8000094735536
96,Woodbine-Lumsden,60,2019,424.6026917,97.05204773,97.05204773,121.3150558,12.13150597,36.39451599,0,424.6026917,60.65752792,824.3000029008059
96,Woodbine-Lumsden,60,2020,377.2207336,48.67364502,85.17887878,146.0209351,0,73.01046753,0,462.3995972,12.16841125,821.8000029890192
96,Woodbine-Lumsden,60,2021,404.8583069,110.4159012,36.80530167,134.952774,0,24.53686714,0,392.5898743,NA,815.099985293151
96,Woodbine-Lumsden,60,2022,503.6236267,270.2370605,12.28350326,73.70101929,0,61.4175148,0,184.2525488,12.28350353,814.1000109278631
96,Woodbine-Lumsden,60,2023,393.072113,196.5360565,61.4175148,147.4020386,12.28350353,NA,NA,159.6855469,49.13401413,814.0999816997956
97,Danforth East York,59,2014,428.4734802,34.27787781,28.56489944,177.1023712,0,22.85191917,0,342.7788086,5.712979794,1750.4000472792857
97,Danforth East York,59,2015,319.6164551,57.07436752,22.82974625,136.9784851,0,57.07436752,0,376.6908264,17.12231064,1752.1000282191042
97,Danforth East York,59,2016,284.2685852,68.22445679,119.3927994,238.7855988,0,34.11222839,0,244.47097779999999,22.7414856,1758.899948962774
97,Danforth East York,59,2017,463.303009,50.85033035,50.85033035,141.2509155,0,56.50036621,5.650036812,107.3507004,NA,1769.9000094342148
97,Danforth East York,59,2018,470.3774109,78.39624023,50.39757919,100.7951584,0,61.59704208,5.599731445,212.7897797,16.79919434,1785.8000417000894
97,Danforth East York,59,2019,489.6233215,50.075111389999996,66.76681519,133.5336304,0,61.20291519,5.563901424,461.8038025,44.5112114,1797.3000087170074
97,Danforth East York,59,2020,329.0758057,89.24089813,117.1286774,184.0593414,5.577556133,50.19800186,0,329.0758057,27.88777924,1792.8999634141137
97,Danforth East York,59,2021,342.5811462,89.85735321,123.5538559,129.1699371,0,33.6965065,5.616084576,325.7329102,22.4643383,1780.6000323318435
97,Danforth East York,59,2022,392.861145,286.227417,72.69473802,145.9198608,0,28.06151009,0,279.5951462,16.83690643,1781.8000301353293
97,Danforth East York,59,2023,570.3740845,285.1870422,22.36761093,67.10283661,NA,22.36761093,NA,251.6356354,22.36761093,1788.3000432850135
98,Old East York,58,2014,495.5192261,31.62888718,42.17185211,221.4022064,0,179.2303619,0,369.0036926,42.17185211,948.5000283422908
98,Old East York,58,2015,528.5971069,52.85971069,21.14388466,116.2913589,0,42.28776932,10.57194233,338.3021545,31.71582603,945.8999935362681
98,Old East York,58,2016,411.5660706,63.31785583,10.55297565,274.3773804,10.55297565,84.42380524,10.55297565,179.400589,21.10595131,947.5999793458193
98,Old East York,58,2017,419.5510864,NA,52.4438858,178.3092041,0,41.95510864,10.48877716,220.2643127,20.97755432,953.3999862382433
98,Old East York,58,2018,604.6075439,93.81841278,31.27280235,291.8794861,10.42426777,62.54560471,10.42426777,208.4853516,NA,959.2999721087338
98,Old East York,58,2019,466.5146179,41.46796417,0,134.7708893,0,93.30292511,0,373.2117004,31.10097504,964.5999990861164
98,Old East York,58,2020,291.4541626,83.27261353,83.27261353,156.1361542,0,52.04538345,10.40907669,291.4541626,41.63630676,960.6999519313092
98,Old East York,58,2021,367.3769226,199.433197,41.98593521,62.97890091,0,73.47538757,0,220.4261627,52.48241806,952.7000158937038
98,Old East York,58,2022,703.633667,231.0438995,73.37526205,231.0438995,0,73.51396942,21.00399017,272.5366876,10.50199509,952.2000316678992
98,Old East York,58,2023,660.3773804,335.4297791,62.89308167,73.3752594,NA,62.89308167,20.96436119,283.0188599,10.4821806,953.9999683490067
99,Runnymede-Bloor West Village,89,2014,259.8402405,144.3556976,202.0979767,202.0979767,0,115.4845505,0,307.9588013,9.62371254,1039.1000234623014
99,Runnymede-Bloor West Village,89,2015,374.100708,115.1079102,182.2541962,239.8081512,0,182.2541962,9.592326164,278.1774597,9.592326164,1042.500031836347
99,Runnymede-Bloor West Village,89,2016,352.2467651,85.68164825,142.8027344,209.4440155,0,133.2825623,0,171.3632965,9.52018261,1050.3999941488746
99,Runnymede-Bloor West Village,89,2017,302.3146057,188.9466248,198.3939514,179.4992981,0,132.2626343,0,198.3939514,NA,1058.4999664804484
99,Runnymede-Bloor West Village,89,2018,289.8008728,243.0588074,46.74207687,205.6651459,0,177.6198883,0,186.9683075,18.69683075,1069.7000219662555
99,Runnymede-Bloor West Village,89,2019,398.8868408,269.0166931,74.21150208,250.4638214,0,185.5287628,0,324.6753235,18.55287552,1077.999963943659
99,Runnymede-Bloor West Village,89,2020,297.0664673,157.8165588,74.26661682,269.2164917,0,64.98329163,0,139.2499084,27.84998131,1077.2000047950212
99,Runnymede-Bloor West Village,89,2021,233.7103882,186.9683075,65.43891144,112.1809845,0,46.74207687,0,224.361969,74.787323,1069.6999903404378
99,Runnymede-Bloor West Village,89,2022,391.6083984,279.7202759,46.41663572,205.1282043,9.324008942,121.2121201,0,176.3832157,NA,1072.499981399786
99,Runnymede-Bloor West Village,89,2023,538.4329834,389.8997498,139.2499084,287.7831421,NA,167.099884,9.283327103,176.3832092,55.69996262,1077.1999819504372
100,High Park North,88,2014,357.2385559,35.72385406,142.8954163,75.91319275,4.465481758,66.98223114,NA,156.2918701,22.32740974,2239.3999381856756
100,High Park North,88,2015,405.0024414,62.30806732,160.2207489,311.5403442,0,102.3632584,NA,93.4621048,8.901152611,2246.900035600625
100,High Park North,88,2016,398.106781,30.96386147,203.4768066,123.8554459,0,123.8554459,NA,79.62135315,8.846817017,2260.700000485548
100,High Park North,88,2017,457.1777039,39.18666077,261.2443848,235.1199493,0,152.3925629,NA,182.8710785,8.708146095,2296.69992880858
100,High Park North,88,2018,440.660553,85.56515503,226.7476654,265.2519836,0,106.9564438,NA,124.0694809,17.11303139,2337.400053142492
100,High Park North,88,2019,383.6424866,105.3962936,210.7925873,286.6779175,0,46.37436676,NA,189.7133179,21.07925797,2372.0000567841175
100,High Park North,88,2020,372.4628601,75.32956696,242.7286072,133.9192352,0,71.14459229,NA,192.5088959,16.7399044,2389.499988699679
100,High Park North,88,2021,397.0575867,91.95018005,121.2070541,158.8230438,0,41.79553604,NA,112.8479462,20.89776802,2392.6000454885652
100,High Park North,88,2022,533.8961792,148.9942932,134.8369698,132.4393616,4.138730049,57.9422226,NA,216.5563455,24.8323822,2416.200097054375
100,High Park North,88,2023,764.0761719,167.5247192,114.4071274,220.6423187,4.085968971,98.06324768,NA,106.2351913,16.34387589,2447.3999697568634
101,High Park-Swansea,87,2014,375.442627,81.06147766,81.06147766,196.2541046,0,106.6598434,0,230.3852539,34.13114929,2343.9000707823193
101,High Park-Swansea,87,2015,517.4589844,67.31173706,92.55364227,210.3491821,0,172.4863281,4.206983566,298.6958313,21.03491783,2376.999988561799
101,High Park-Swansea,87,2016,401.3571777,49.65243149,235.8490601,132.4064941,0,74.47865295,16.55081177,211.0228424,20.6885128,2416.799932565402
101,High Park-Swansea,87,2017,395.4019165,57.06831741,134.5181732,163.0523376,0,110.0603256,12.2289257,232.3495789,40.76308441,2453.2000466416553
101,High Park-Swansea,87,2018,336.4036865,84.10092163,184.2210693,180.2162628,0,52.0624733,8.00961113,108.1297531,12.01441765,2496.999984570621
101,High Park-Swansea,87,2019,406.4078369,114.4255066,138.0997467,213.0681763,3.945707083,102.5883865,11.83712101,228.8510132,51.29419327,2534.3999462624533
101,High Park-Swansea,87,2020,305.8463745,164.6865082,78.42214966,196.0553589,0,39.21107483,7.842214584,196.0553589,31.36885834,2550.2999709417836
101,High Park-Swansea,87,2021,340.7755432,101.8409729,121.4257736,109.6748886,0,47.00352478,7.833920956,129.2596893,15.66784191,2553.0001121277646
101,High Park-Swansea,87,2022,392.2025452,295.1227112,61.22058542,194.1596832,3.883193493,50.48151779,11.64958096,160.7040367,19.41596794,2575.2000142807847
101,High Park-Swansea,87,2023,405.5863647,206.6194763,72.69944763,198.9669037,3.826286554,34.43658066,11.4788599,153.0514679,38.26286697,2613.500088406695
102,Roncesvalles,86,2014,502.4478149,77.29966736,167.482605,244.7822723,0,154.59933470000001,0,148.1576843,12.88327789,1552.4000241801032
102,Roncesvalles,86,2015,758.0665894,38.87520981,272.1264648,233.2512665,0,129.5840302,0,181.4176483,12.95840359,1543.4000341922997
102,Roncesvalles,86,2016,772.677124,77.91701508,181.8063812,272.7095642,0,194.7925415,25.97233963,220.7648926,19.47925377,1540.0999499501165
102,Roncesvalles,86,2017,720.7207031,128.7001343,463.3204651,308.8803101,0,160.8751678,38.61003876,379.6653748,77.22007751,1554.0000379933583
102,Roncesvalles,86,2018,539.6482544,139.6736755,431.7186279,476.1602478,12.69760609,139.6736755,12.69760609,349.1841736,31.74401665,1575.1000639204512
102,Roncesvalles,86,2019,706.0455322,88.255691529999993,340.4147949,598.8778687,6.303977966,157.5994415,31.51988983,283.6790161,63.03977966,1586.2999607265272
102,Roncesvalles,86,2020,698.9924316,94.45843506,283.3753052,421.9143677,0,138.5390472,6.29722929,321.1586914,25.18891716,1588.0000266371983
102,Roncesvalles,86,2021,568.5407715,113.7081528,151.6108704,423.2470093,0,75.80543518,18.9513588,259.0018921,50.53695679,1582.999927385155
102,Roncesvalles,86,2022,617.2450562,138.5652161,131.7523057,333.8162231,0,107.0731277,0,263.5046113,50.38735199,1587.7000393219187
102,Roncesvalles,86,2023,853.2530518,175.6697388,131.7523041,301.1481323,NA,131.7523041,6.273919106,244.6828461,31.36959648,1593.8999539831473
103,South Parkdale,85,2014,958.0334473,60.75334167,121.5066833,210.3000336,0,112.1600113,0,369.1933899,23.36667061,2139.800030758279
103,South Parkdale,85,2015,1059.411011,93.34017944,112.0082169,238.0174561,0,182.0133514,4.667008877,200.6813812,18.66803551,2142.700025231284
103,South Parkdale,85,2016,1102.120483,106.9568481,144.1592255,330.1711426,4.650297642,190.6622009,32.55208206,227.8645782,41.85268021,2150.400102853365
103,South Parkdale,85,2017,1077.734497,87.1359787,210.9607849,265.9940491,0,142.16922,27.51662445,394.4049377,50.44714355,2180.4999343915406
103,South Parkdale,85,2018,992.0187378,76.65599823,198.4037476,351.7157288,0,166.8395233,27.05505753,198.4037476,40.58258438,2217.700045544442
103,South Parkdale,85,2019,1138.587402,97.8473587,346.9133606,395.8370361,4.44760704,151.2186432,8.895214081,244.6183929,106.742569,2248.4000749553347
103,South Parkdale,85,2020,1108.951172,75.10824585,220.906601,393.2137451,0,83.94451141,17.67252731,181.1434174,57.43571472,2263.399925420702
103,South Parkdale,85,2021,1209.125854,75.01875305,141.2117767,278.0106812,0,88.25735474,17.65147209,229.4691315,26.47720718,2266.099919156968
103,South Parkdale,85,2022,1199.597168,144.4770355,125.7916197,267.0635986,4.378091812,39.40282822,13.13427639,255.9208814,43.78092194,2284.1000905063825
103,South Parkdale,85,2023,1405.395996,186.5186157,130.1292572,273.2714539,NA,99.76576996,NA,147.4798279,91.09048462,2305.40005039263
104,Little Portugal,84,2014,571.0306396,76.60166931,271.587738,285.5153198,6.963788509,76.60166931,0,174.0947113,34.81894302,1436.0000026870714
104,Little Portugal,84,2015,531.8795166,93.07891846,265.9397583,259.2912598,13.29698849,46.53945923,6.648494244,212.7518158,6.648494244,1504.1000358764334
104,Little Portugal,84,2016,698.678833,76.21951294,260.4166565,254.0650482,6.351625919,57.1646347,0,196.9004059,25.40650368,1574.4000648721526
104,Little Portugal,84,2017,580.270813,112.3104782,505.3971558,249.5788422,0,81.11312103,0,274.5367126,12.47894192,1602.6999448617796
104,Little Portugal,84,2018,530.4230957,73.16181183,341.4217834,341.4217834,6.096817493,73.16181183,6.096817493,189.0013428,67.06499481,1640.2000724569882
104,Little Portugal,84,2019,526.8199463,65.85249329,383.1417542,347.222229,0,59.86590195,5.986589909,245.4501953,53.87931061,1670.3999273005506
104,Little Portugal,84,2020,497.7187805,165.9062653,438.4665527,319.9620667,0,53.32701492,0,254.7846222,35.55134201,1687.7000284300102
104,Little Portugal,84,2021,630.784668,41.26628494,247.5977173,235.8073425,0,58.95183563,5.895183563,153.2747803,41.26628494,1696.2999487489128
104,Little Portugal,84,2022,657.9330444,151.3828278,109.2016783,186.3173218,0,81.51382446,0,172.4237025,23.28966522,1717.4999942896925
104,Little Portugal,84,2023,741.421936,132.1914978,97.70676422,183.9186096,NA,86.21185303,5.747456551,258.6355591,57.47456741,1739.8999643301627
105,Dufferin Grove,83,2014,775.9616699,99.05893707,214.6277008,231.1375275,0,272.4120789,0,445.7652283,66.03929138,1211.4000426350183
105,Dufferin Grove,83,2015,750.1442871,57.70340347,329.7337341,280.2736816,0,280.2736816,0,247.3003082,41.21671677,1213.0999537675475
105,Dufferin Grove,83,2016,771.8203735,65.68683624,369.4884644,221.69308470000001,8.21085453,172.427948,8.21085453,312.0124817,24.63256454,1217.899957392094
105,Dufferin Grove,83,2017,690.7199707,89.38729095,365.675293,203.1529388,0,105.6395264,16.25223541,276.2879944,24.37835121,1230.6000058729735
105,Dufferin Grove,83,2018,945.2855835,136.1852112,240.3268433,368.5011597,0,208.2832642,16.02178955,384.5229492,72.09805298,1248.3000064710075
105,Dufferin Grove,83,2019,722.7384644,47.6530838,357.3981323,349.4559631,0,254.1497955,0,357.3981323,63.53744888,1259.0999992721572
105,Dufferin Grove,83,2020,682.3230591,142.8118134,293.5575867,444.3034058,7.933989048,158.6797791,23.80196762,372.8974915,31.73595619,1260.4000239041607
105,Dufferin Grove,83,2021,708.0350342,159.1089935,222.7525787,230.7080383,0,31.82179832,15.91089916,190.9307861,23.86634827,1256.9999463453103
105,Dufferin Grove,83,2022,681.4039917,79.2330246,291.1322685,213.9291687,0,150.5427399,15.8466053,196.7109922,47.539814,1262.100032396978
105,Dufferin Grove,83,2023,1164.529053,141.6319122,456.3695068,283.2638245,NA,228.1847534,7.868439674,306.8691406,62.9475174,1270.9000227923038
106,Trinity-Bellwoods,81,2014,701.6312866,76.01005554,222.1832428,397.5910645,0,152.0201111,0,567.1519775,52.62234879,1710.3000150050607
106,Trinity-Bellwoods,81,2015,660.3384399,94.33406067,247.6269073,330.16922,0,88.43817902,17.68763542,389.1279907,35.37527084,1696.0999577271466
106,Trinity-Bellwoods,81,2016,811.7075195,136.2720642,408.8162231,272.5441284,5.924872398,100.7228317,11.8497448,373.2669678,11.8497448,1687.8000598588762
106,Trinity-Bellwoods,81,2017,750.1171875,134.7866821,351.6174316,404.3600464,0,117.2058105,5.860290527,392.6394653,35.16174316,1706.4000416601573
106,Trinity-Bellwoods,81,2018,710.7772217,115.5735321,381.3926697,364.0566406,0,86.68015289,5.77867651,381.3926697,46.22941208,1730.500025110751
106,Trinity-Bellwoods,81,2019,651.6147461,131.4661407,337.2391968,628.7510986,0,125.7502136,0,325.807373,17.14775658,1749.5000026059108
106,Trinity-Bellwoods,81,2020,587.2626953,85.52368927,456.1263428,490.3358154,5.701579571,119.7331696,11.40315914,171.0473785,45.61263657,1753.8999296964198
106,Trinity-Bellwoods,81,2021,726.0877075,108.6272964,222.971817,280.1440735,0,108.6272964,11.43445206,160.0823212,45.73780823,1749.099987345537
106,Trinity-Bellwoods,81,2022,779.3833008,176.3568115,174.0204334,392.5361328,0,176.3568115,5.688929558,207.7018076,56.88929367,1757.800043436599
106,Trinity-Bellwoods,81,2023,780.2851563,157.1797485,258.223877,409.7900391,NA,140.3390656,5.613562584,224.5424957,50.52206039,1781.4000289217086
107,Don Valley Village,47,2014,404.1862183,180.4402771,25.26163864,288.7044373,7.217610836,166.0050507,3.608805418,277.8780212,28.87044334,2770.999973009223
107,Don Valley Village,47,2015,495.2821655,101.2255554,25.30638885,169.9143219,0,119.3015442,7.230396748,368.7502136,21.69118881,2766.100004059201
107,Don Valley Village,47,2016,487.9812012,101.2109146,7.229351044,238.5685883,0,86.75221252,3.614675522,195.1924744,28.91740417,2766.500014099314
107,Don Valley Village,47,2017,456.71875,103.4753418,14.27246094,114.1796875,0,67.79418945,0,128.4521484,35.68115234,2802.6000684228534
107,Don Valley Village,47,2018,432.2462769,91.369133,31.6277771,203.8234406,0,126.5111084,7.028394699,175.7098694,38.65616989,2845.599987167871
107,Don Valley Village,47,2019,517.4329834,72.92679596,13.8908186,118.0719528,0,118.0719528,10.41811371,239.6166077,48.6178627,2879.599963282897
107,Don Valley Village,47,2020,342.4776001,124.5373077,20.75621796,103.7810898,6.918739319,79.56550598,0,190.2653351,20.75621796,2890.700004061375
107,Don Valley Village,47,2021,415.5844116,117.7489166,58.87445831,107.3593063,0,62.33766174,6.92640686,218.1818237,38.09523773,2887.5000276839064
107,Don Valley Village,47,2022,402.3522034,237.2846375,13.59434475,106.6061401,0,99.72832489,6.877815723,278.6840674,37.82798767,2907.9000689275213
107,Don Valley Village,47,2023,564.1652832,547.1723633,23.79010391,152.9363708,6.797172546,101.9575882,16.99293137,353.4529724,47.58020782,2942.4001253397228
108,Pleasant View,46,2014,193.9511414,66.6707077,6.060973167,109.0975189,NA,36.36584091,0,200.0121155,12.12194633,1649.9000608614103
108,Pleasant View,46,2015,256.6923218,36.67033386,0,110.0110016,NA,97.78755951,6.111722469,281.1392212,30.55861092,1636.2000898774058
108,Pleasant View,46,2016,319.5673523,43.01868057,12.29105186,196.6568298,NA,79.89183807,6.145525932,79.89183807,18.43657875,1627.2000135728508
108,Pleasant View,46,2017,268.4072571,103.7027969,12.20032978,67.10181427,NA,30.50082397,0,158.6042786,30.50082397,1639.299938287697
108,Pleasant View,46,2018,235.3083191,78.43610382,6.033546448,199.1070404,NA,54.30191803,6.033546448,174.9728546,30.16773224,1657.3999656776266
108,Pleasant View,46,2019,263.7415466,143.859024,17.98237801,71.92951202,NA,83.91776276,0,275.7297974,23.97650337,1668.2999158540615
108,Pleasant View,46,2020,239.9232178,167.9462585,35.98848343,113.9635315,NA,59.98080444,0,281.90979,35.98848343,1667.2000470310463
108,Pleasant View,46,2021,156.8343658,84.44927216,48.25672531,102.5455399,NA,48.25672531,0,440.3426208,36.19254303,1657.799925888437
108,Pleasant View,46,2022,192.6318359,162.5331116,11.95314368,90.2961731,NA,54.17770386,0,310.7817356,24.07897949,1661.199969905909
108,Pleasant View,46,2023,310.7817383,268.9457397,65.74228668,101.6017227,NA,83.6720047,NA,215.1565857,29.88285828,1673.199985444576
109,Flemingdon Park,44,2014,578.2643433,35.3138504,57.38500977,220.7115784,4.4142313,119.1842499,26.48538971,494.3939209,39.72808456,2265.39992510031
109,Flemingdon Park,44,2015,663.5993652,30.96796989,44.2399559,88.4799118,0,88.4799118,22.11997795,70.78393555,13.27198696,2260.3999923175334
109,Flemingdon Park,44,2016,703.2597656,22.11508751,17.69207001,61.92224503,0,110.5754318,35.38414001,207.8818207,13.26905251,2260.8999942481564
109,Flemingdon Park,44,2017,552.2682495,52.59697723,21.91540718,52.59697723,0,87.66162872,21.91540718,70.12930298,17.53232574,2281.499979657983
109,Flemingdon Park,44,2018,641.7761841,34.69060135,8.672650337,60.70855713,0,69.3812027,26.01795197,108.4081345,4.336325169,2306.099909387398
109,Flemingdon Park,44,2019,658.5744019,38.7396698,30.13085365,68.87052155,0,55.95730209,38.7396698,73.17493439,12.91322327,2323.199923328207
109,Flemingdon Park,44,2020,567.6442871,77.40603638,17.20134163,51.60402679,0,21.50167656,60.20469666,124.7097244,12.9010067,2325.399955566645
109,Flemingdon Park,44,2021,640.0276489,73.51669312,21.62255669,43.24511337,4.324511528,17.29804611,34.59609222,151.3578949,8.649023056,2312.4001010638212
109,Flemingdon Park,44,2022,612.2009277,94.84803009,17.03214818,94.84803009,0,56.04656219,4.311274052,114.9670002,4.311274052,2319.4999153870117
109,Flemingdon Park,44,2023,711.0921631,166.063446,25.54822159,102.1928864,NA,55.35448074,17.03214836,208.6438141,21.29018593,2348.500077289067
110,Victoria Village,43,2014,584.5961914,113.5138168,17.02707291,221.351944,0,39.72983551,17.02707291,210.0005646,28.37845421,1761.8999493194442
110,Victoria Village,43,2015,720.8945923,68.11602783,17.02900696,261.1114197,0,85.14502716,0,215.7007446,34.05801392,1761.6999954849016
110,Victoria Village,43,2016,713.9619141,118.9936523,5.66636467,124.6600189,11.33272934,67.99637604,39.66455078,186.9900208,22.66545868,1764.8000196037349
110,Victoria Village,43,2017,420.0974731,78.41819,5.601299286,179.2415771,5.601299286,84.0194931,16.80389786,207.2480774,28.00649834,1785.2999554259875
110,Victoria Village,43,2018,595.9278564,60.69635391,16.55355072,198.6426086,0,71.73205566,5.517850399,237.2675629,16.55355072,1812.299909127054
110,Victoria Village,43,2019,666.3389893,81.92691803,5.461794853,322.2458801,5.461794853,71.00333405,38.23256302,207.5482025,21.84717941,1830.8999166949993
110,Victoria Village,43,2020,620.2056274,92.48680878,5.4404006,184.9736176,0,59.84440613,38.08280182,223.0564117,27.20200157,1838.1000584903754
110,Victoria Village,43,2021,528.5527344,217.9598999,16.34699249,119.8779449,0,49.04097748,16.34699249,348.7358398,27.24498749,1835.2000412997959
110,Victoria Village,43,2022,660.9241943,189.6094055,26.89328744,205.8616333,0,54.17411423,16.25223541,311.9621343,16.25223541,1845.9000450000626
110,Victoria Village,43,2023,785.2839966,290.4475098,10.75731468,139.8450928,NA,86.05851746,21.51462936,295.8261719,59.16523361,1859.199991749838
111,Banbury-Don Mills,42,2014,217.2574921,68.79820251,10.86287403,235.3622742,0,43.45149612,0,267.9508972,36.20957947,2761.6999266650378
111,Banbury-Don Mills,42,2015,282.1690979,75.96859741,43.41062927,314.7270508,0,104.9090195,0,148.3196411,50.64573288,2764.29986772127
111,Banbury-Don Mills,42,2016,299.3471985,25.24614906,18.03296471,205.5757904,0,86.55822754,7.213185787,180.3296356,39.67251968,2772.7000758953154
111,Banbury-Don Mills,42,2017,378.265625,56.56308365,35.35192871,226.2523346,0,38.88712311,3.535192728,208.5763702,17.67596436,2828.7000702218184
111,Banbury-Don Mills,42,2018,255.7368011,96.76527405,44.92673492,293.7517395,0,27.64722061,0,221.1777649,27.64722061,2893.5999700357556
111,Banbury-Don Mills,42,2019,254.5220032,145.9259491,6.78725338,274.8837585,0,44.11714935,6.78725338,196.83035279999999,54.29802704,2946.700051746253
111,Banbury-Don Mills,42,2020,268.4924011,167.8077545,20.13693047,137.602356,0,23.49308586,3.356155157,164.4515991,23.49308586,2979.600155246256
111,Banbury-Don Mills,42,2021,290.2418823,113.4278564,40.03335953,76.73060608,0,10.00833988,6.672226906,136.7806549,26.68890762,2997.499854623841
111,Banbury-Don Mills,42,2022,355.5789795,187.6666718,25.76738493,154.7427063,0,65.8479538,9.877193451,167.4880021,39.5087738,3037.299903156958
111,Banbury-Don Mills,42,2023,425.1618652,483.1384583,45.09292221,318.8713989,3.220923185,77.30215454,12.88369274,209.3600006,45.09292221,3104.699899129147
112,Bridle Path-Sunnybrook-York Mills,41,2014,185.488266,65.46644592,32.73322296,392.7986755,NA,21.82214928,0,294.5990295,87.28859711,916.5000227022447
112,Bridle Path-Sunnybrook-York Mills,41,2015,335.3889465,129.8279724,64.91398621,389.4839478,NA,10.81899834,0,173.1039734,32.4569931,924.2999903099073
112,Bridle Path-Sunnybrook-York Mills,41,2016,214.2015686,117.8108597,64.26046753,524.7938232,NA,21.42015648,0,128.5209351,53.55039215,933.6999785164038
112,Bridle Path-Sunnybrook-York Mills,41,2017,272.0803833,31.39388847,62.78777695,701.130188,NA,10.46462917,10.46462917,125.5755539,52.32314682,955.599947510071
112,Bridle Path-Sunnybrook-York Mills,41,2018,336.6316528,91.8086319,30.60287666,540.6508179,NA,10.20095921,20.40191841,193.818222,40.80383682,980.2999725520762
112,Bridle Path-Sunnybrook-York Mills,41,2019,448.9673767,109.7475815,59.86231613,528.7838135,NA,129.7016907,29.93115807,249.4263153,29.93115807,1002.2999962883495
112,Bridle Path-Sunnybrook-York Mills,41,2020,462.5984192,157.4803162,108.2677155,295.2756042,NA,78.74015808,29.52755928,383.8582764,59.05511856,1016.0000131708189
112,Bridle Path-Sunnybrook-York Mills,41,2021,429.4777832,380.6734924,9.760858536,185.4563141,NA,48.80429459,0,117.1303101,9.760858536,1024.5000258723512
112,Bridle Path-Sunnybrook-York Mills,41,2022,345.7881165,576.3135376,28.01905296,432.2351379,NA,28.81567574,9.605225563,149.4349491,57.63135147,1041.0999766095201
112,Bridle Path-Sunnybrook-York Mills,41,2023,448.3048401,747.1747437,74.71747589,896.6096802,NA,28.01905251,NA,242.8317871,74.71747589,1070.7000171868099
113,St.Andrew-Windfields,40,2014,289.1908264,92.75931549,43.65144348,441.9708557,5.456430435,43.65144348,5.456430435,321.9293823,54.56430435,1832.6999047574216
113,St.Andrew-Windfields,40,2015,224.9657135,137.1742096,5.486968517,433.47052,0,27.43484306,0,235.9396362,76.81755829,1822.4999428635156
113,St.Andrew-Windfields,40,2016,291.7698975,55.05092239,38.53564453,308.2851563,0,93.58657074,11.01018429,148.6374969,49.54582977,1816.499935535673
113,St.Andrew-Windfields,40,2017,254.3427734,86.5847702,27.05774117,476.2162476,10.82309628,5.411548138,0,167.7579956,37.88083649,1847.8999568855058
113,St.Andrew-Windfields,40,2018,312.5827942,127.1523209,37.0860939,429.1390686,0,26.49006653,5.29801321,143.0463562,31.78808022,1887.4999230523865
113,St.Andrew-Windfields,40,2019,328.2617798,208.4201813,20.84201813,437.682373,0,57.31554794,10.42100906,260.5252075,36.47352982,1919.1999762623598
113,St.Andrew-Windfields,40,2020,247.8314819,160.0578308,82.61048889,258.1577759,0,46.46840286,5.163155556,309.7893372,20.65262222,1936.7999429292845
113,St.Andrew-Windfields,40,2021,257.4267578,329.5062561,72.07949066,169.9016571,0,10.2970705,0,319.209198,36.03974533,1942.3000323395286
113,St.Andrew-Windfields,40,2022,294.9252625,432.2180481,39.59415986,264.415741,0,40.67934418,0,257.3620391,61.01901627,1966.5999280071846
113,St.Andrew-Windfields,40,2023,287.0576477,673.100708,54.44197083,445.4342957,4.949269772,74.23905182,NA,168.275177,59.39123917,2020.500079503717
114,Bedford Park-Nortown,39,2014,254.6473083,169.7648773,46.68534088,356.5062256,NA,55.17358398,4.244122028,288.6002808,42.44121933,2356.2000478447626
114,Bedford Park-Nortown,39,2015,119.2148819,170.3069763,38.31906891,285.2641907,NA,34.06139755,0,276.7488403,59.60744095,2348.7000577232466
114,Bedford Park-Nortown,39,2016,144.9151764,127.8663406,85.24422455,426.2211304,NA,76.71980286,4.262211323,196.0617218,29.83547783,2346.200090606935
114,Bedford Park-Nortown,39,2017,218.0842133,197.1145782,46.13319778,507.4651794,NA,71.29676056,0,364.8716736,54.52105331,2384.400008287991
114,Bedford Park-Nortown,39,2018,160.4212036,201.5548553,82.26728821,415.4497986,NA,53.47373581,0,304.3889465,28.79355049,2431.10007435451
114,Bedford Park-Nortown,39,2019,239.1568756,255.3708954,81.07012939,364.8155518,NA,56.74908829,8.107012749,482.3672485,72.96311188,2466.9999493838513
114,Bedford Park-Nortown,39,2020,209.3229218,326.0606995,32.20352554,253.6027679,NA,72.45793152,4.025440693,446.8239136,40.25440598,2484.1999888423115
114,Bedford Park-Nortown,39,2021,176.7849274,421.8731079,12.05351734,120.5351791,NA,40.1783905,8.035678864,200.8919678,16.07135773,2488.8999671586257
114,Bedford Park-Nortown,39,2022,167.0445099,664.2007446,23.45307431,254.5440063,NA,47.72700119,0,207.168823,31.81800079,2514.2999327031457
114,Bedford Park-Nortown,39,2023,203.2599792,895.1256714,27.3619194,476.8791809,NA,46.906147,NA,277.5280457,50.81499481,2558.2999764471097
115,Lansing-Westgate,38,2014,242.9755096,112.1425476,37.38084793,211.8248138,0,68.53155518,0,137.0631104,24.92056656,1605.1000392674966
115,Lansing-Westgate,38,2015,472.0740662,134.8782959,24.523326870000002,165.5324554,0,30.65415955,6.130831718,190.0557861,30.65415955,1631.0999801327362
115,Lansing-Westgate,38,2016,391.5426636,156.6170654,78.30853271,246.9730682,0,30.1186676,6.023733616,228.9018707,24.09493446,1660.1000616986148
115,Lansing-Westgate,38,2017,499.3460999,166.4487,29.72298241,249.6730499,0,83.22434998,0,190.2270813,65.39055634,1682.1999814722094
115,Lansing-Westgate,38,2018,379.4069519,93.39247894,23.34811974,291.8515015,0,186.7849579,5.837029934,303.5255737,35.02218246,1713.200026369891
115,Lansing-Westgate,38,2019,403.0864868,143.9594574,28.79189301,224.5767517,0,51.82540512,11.51675701,414.603241,57.58378601,1736.6000174233577
115,Lansing-Westgate,38,2020,555.2693481,263.3236084,62.96868896,223.2526245,0,62.96868896,5.72442627,486.5762329,45.79541016,1746.8999564249493
115,Lansing-Westgate,38,2021,532.5240479,360.7420959,68.71278381,91.61704254,0,68.71278381,17.17819595,229.0426025,28.63032532,1746.4000051592786
115,Lansing-Westgate,38,2022,374.7445068,369.0665588,5.595344673,210.0840302,17.03384018,79.49125671,11.35589409,285.3625783,68.13536072,1761.199932284104
115,Lansing-Westgate,38,2023,497.9856873,632.2739258,61.54878998,324.5299988,NA,134.288269,NA,313.33929440000003,44.76275635,1787.199959150312
116,Willowdale West,37,2014,464.0231323,54.23646927,30.13137245,174.7619629,0,84.36784363,0,84.36784363,24.10509872,1659.4000307342005
116,Willowdale West,37,2015,597.1384888,82.77166748,88.68392944,94.59619141,0,5.912261963,0,100.5084534,35.47357178,1691.3999330870129
116,Willowdale West,37,2016,549.6412964,63.64267349,271.9277954,219.8565216,0,63.64267349,11.57139587,231.4279175,23.14279175,1728.3999696206233
116,Willowdale West,37,2017,424.5443115,73.58768463,130.1935883,169.8177338,5.660591125,130.1935883,0,254.726593,22.6423645,1766.6000454701652
116,Willowdale West,37,2018,524.2536011,60.70305252,44.14767456,193.1460724,0,176.5906982,0,204.1829987,33.11075592,1812.100094318265
116,Willowdale West,37,2019,567.4141846,129.6946716,59.44339371,108.0788956,0,135.0986176,0,302.6209106,48.63550568,1850.500090582332
116,Willowdale West,37,2020,437.1468201,239.897644,69.30376434,122.6143494,0,133.276474,5.331058979,389.1672974,47.97953033,1875.7999882337472
116,Willowdale West,37,2021,433.6100769,185.0774689,95.18270111,84.60684204,0,153.3498993,0,354.2911682,47.59135056,1891.0999621189844
116,Willowdale West,37,2022,624.1872559,228.8686676,92.09045329,156.046814,0,15.60468102,0,240.4584058,46.81404495,1922.500000852709
116,Willowdale West,37,2023,588.3556519,301.8520508,30.6968174,204.6454468,NA,194.4131775,NA,271.1552124,56.27750015,1954.600072738759
117,Newtonbrook West,36,2014,590.1287842,206.3387299,70.15516663,222.8458252,0,99.04258728,4.126774311,251.7332458,28.88742065,2423.1998815962856
117,Newtonbrook West,36,2015,465.4994812,98.86714935,78.26982117,173.0175018,0,24.71678734,0,271.8846436,41.19464493,2427.500020165436
117,Newtonbrook West,36,2016,570.2330322,184.6078033,110.7646866,221.5293732,0,65.63833618,0,184.6078033,24.61437416,2437.5999310970815
117,Newtonbrook West,36,2017,448.6661377,137.4292603,97.00889587,351.6572266,0,161.681488,0,206.1438904,68.71463013,2473.99994501524
117,Newtonbrook West,36,2018,671.7545166,202.718811,63.59806061,214.6434479,0,95.3970871,0,250.4173584,35.77391052,2515.799980852708
117,Newtonbrook West,36,2019,615.8311768,231.427002,62.75986481,207.8920593,0,70.60485077,3.92249155,325.566803,43.14740753,2549.3999965348944
117,Newtonbrook West,36,2020,681.9953003,237.7240906,89.63367462,120.8106003,0,89.63367462,19.48558044,374.1231384,35.07404709,2566.000087141656
117,Newtonbrook West,36,2021,786.9721069,354.5270386,66.23032379,136.3565521,0,74.02212524,0,311.6721191,35.06311417,2566.7999949287655
117,Newtonbrook West,36,2022,884.5114136,652.7616577,49.49552637,139.0498199,3.862495184,115.874855,7.724990368,407.3862555,50.21243668,2588.9999436859725
117,Newtonbrook West,36,2023,761.4696655,814.772522,76.14696503,197.9821014,NA,114.2204437,3.807348251,571.1022339,53.30287552,2626.499899620755
118,Westminster-Branson,35,2014,303.951355,108.8220978,30.01988792,228.9016418,NA,48.78231812,0,296.4463806,11.25745773,2664.90011205905
118,Westminster-Branson,35,2015,351.7042542,71.0891571,41.15688324,254.4243622,NA,22.44920921,0,190.8182678,18.70767403,2672.7001131622937
118,Westminster-Branson,35,2016,413.3462524,89.37216187,55.85760117,70.75296021,NA,37.23839951,7.447679996,163.8489685,26.06687927,2685.3999366270773
118,Westminster-Branson,35,2017,369.0036926,66.42066193,36.90036774,154.9815521,NA,55.35055161,0,158.6715851,14.76014805,2709.99998117634
118,Westminster-Branson,35,2018,365.1100769,127.7885284,18.25550461,146.0440369,NA,54.76651382,3.651100874,222.7171478,14.6044035,2738.9000284259205
118,Westminster-Branson,35,2019,380.3107605,123.1482468,39.84207916,137.6362762,NA,28.97605896,3.62200737,188.3443756,3.62200737,2760.900056100306
118,Westminster-Branson,35,2020,336.6028442,177.349884,50.67139435,54.29078293,NA,61.52955246,3.619385481,253.3569794,21.71631241,2762.9000052281795
118,Westminster-Branson,35,2021,323.8012085,221.9311676,61.84967041,90.95539856,NA,29.10572624,7.276431561,214.6547394,25.46751022,2748.599994802058
118,Westminster-Branson,35,2022,319.1875305,304.6789856,14.41857112,112.4410629,NA,50.77983475,0,493.8360608,39.89844131,2756.999932364213
118,Westminster-Branson,35,2023,428.9524841,306.3946228,18.02321434,104.5346375,NA,14.41857147,NA,248.7203522,25.23250008,2774.200043384246
119,Bathurst Manor,34,2014,288.2386169,231.844101,25.06422615,213.045929,0,50.1284523,0,244.3762207,12.53211308,1595.8999697795177
119,Bathurst Manor,34,2015,294.1912842,143.9659424,37.55633545,187.7816772,0,56.33450317,0,175.2628937,12.51877785,1597.60001482736
119,Bathurst Manor,34,2016,442.3676147,155.7632446,24.92211914,205.6074829,0,74.76635742,0,211.8380127,24.92211914,1604.9999511865262
119,Bathurst Manor,34,2017,344.2763977,153.6948242,43.03454971,233.6161346,0,79.92131042,0,184.4337921,30.73896408,1626.600033406821
119,Bathurst Manor,34,2018,404.7849121,223.5379486,54.3740921,193.3301086,0,60.41566086,0,247.7042084,24.16626358,1655.2000333314795
119,Bathurst Manor,34,2019,339.9129333,149.0846252,35.78030777,131.1944733,0,89.45077515,0,190.8283081,29.81692314,1676.9000063228837
119,Bathurst Manor,34,2020,355.9985657,272.932251,71.19971466,160.1993561,0,41.53316879,5.933309555,338.1986389,41.53316879,1685.4000487901405
119,Bathurst Manor,34,2021,326.1385193,260.9108276,29.6489563,106.7362442,0,53.3681221,5.929791451,207.5426941,5.929791451,1686.400003227095
119,Bathurst Manor,34,2022,341.3170166,464.8973083,40.56795132,141.2346191,0,100.0411911,5.884776115,544.769632,35.30865479,1699.2999815175344
119,Bathurst Manor,34,2023,509.9971008,440.4520569,28.977108,243.4077148,5.7954216,92.72674561,NA,324.5436096,23.1816864,1725.5000050384601
120,Clanton Park,33,2014,460.9427795,430.2132568,36.87542343,374.900116,0,49.1672287,6.145903587,227.3984375,30.72951889,1627.10000754009
120,Clanton Park,33,2015,379.8842163,180.8972473,30.14954185,265.315979,0,48.23926544,6.02990818,307.5253296,36.17945099,1658.400041297004
120,Clanton Park,33,2016,336.5015564,295.1768188,5.90353632,242.0449829,5.90353632,41.32475281,0,242.0449829,35.42121887,1693.9000404575838
120,Clanton Park,33,2017,352.58078,156.0603485,28.90006447,312.120697,0,86.70018768,5.780012608,398.8208923,28.90006447,1730.099978790676
120,Clanton Park,33,2018,479.4134216,236.8866272,62.0417366,293.288208,0,62.0417366,0,366.61026,50.7614212,1773.000007307263
120,Clanton Park,33,2019,503.4856567,243.4436188,49.79528427,243.4436188,0,88.52495575,11.06561947,376.2310486,22.13123894,1807.4000478274202
120,Clanton Park,33,2020,442.7197266,235.0240479,60.12243271,180.3672943,0,87.45080566,21.86270142,420.8570251,27.32837868,1829.5999733751191
120,Clanton Park,33,2021,526.8875732,483.4329224,65.18196869,195.5458984,5.4318304060000004,70.61380005,0,407.3872986,38.02281189,1840.9999577496203
120,Clanton Park,33,2022,626.3048096,877.8973389,78.5792865,208.7682648,0,101.7076187,5.353032589,340.5102415,53.53032303,1868.0999763473635
120,Clanton Park,33,2023,701.9749756,806.7473145,47.14757156,356.2261047,NA,83.81790924,15.71585751,377.1805725,57.62480927,1908.8999559488
121,Englemount-Lawrence,32,2014,351.7051086,129.1069336,26.71178055,195.8863831,0,133.5588989,13.35589027,129.1069336,17.8078537,2246.199957528851
121,Englemount-Lawrence,32,2015,369.4964905,93.48706818,120.1976547,182.5223694,0,57.87294769,26.71059036,235.9435577,8.903530121,2246.300090365811
121,Englemount-Lawrence,32,2016,577.2133789,102.1223679,79.92185211,248.6457672,0,164.2838135,71.04164886,164.2838135,31.0807209,2252.200048580683
121,Englemount-Lawrence,32,2017,463.5298157,153.0523071,26.23753738,205.5273743,0,96.20429993,21.86461449,223.0190735,43.72922897,2286.8000376615255
121,Englemount-Lawrence,32,2018,416.6845703,171.8286896,51.54860687,223.3772888,4.295717239,42.95717239,34.36573792,236.2644501,30.07002068,2327.899973117867
121,Englemount-Lawrence,32,2019,473.7933044,101.5271378,42.3029747,135.3695221,0,63.45446014,50.76356888,266.508728,29.61208153,2363.900016312683
121,Englemount-Lawrence,32,2020,428.5714417,130.2521057,138.6554565,142.85714720000001,4.20168066,96.63865662,42.01680756,289.9159546,33.61344528,2379.999927092669
121,Englemount-Lawrence,32,2021,369.1430054,151.0130463,54.53248978,96.4805603,4.194807053,29.36364746,16.77922821,260.0780334,37.75326157,2383.899971357821
121,Englemount-Lawrence,32,2022,357.484314,249.4076538,28.61230329,62.35191345,0,20.78397179,12.47038269,208.4610668,12.47038269,2405.69996030651
121,Englemount-Lawrence,32,2023,510.9339905,277.9480896,36.7872467,200.2861176,NA,69.4870224,16.349887849999998,220.7234802,28.61230278,2446.499984815553
122,Yorkdale-Glen Park,31,2014,733.2088013,463.4433289,89.92183685,352.7702942,6.91706419,159.0924835,20.751194,726.291748,159.0924835,1445.7000490454968
122,Yorkdale-Glen Park,31,2015,949.2793579,367.2394714,103.9356995,394.955658,6.929046631,145.5099792,20.78713989,526.6075439,103.9356995,1443.2000323179047
122,Yorkdale-Glen Park,31,2016,1210.402588,283.5800171,76.08244324,456.4946594,6.916585922,165.9980621,6.916585922,435.7449036,179.8312378,1445.799949000109
122,Yorkdale-Glen Park,31,2017,1080.899658,349.1104431,80.56394958,389.3924255,6.713662148,228.2645111,40.28197479,516.9520264,154.4142303,1489.4999624470229
122,Yorkdale-Glen Park,31,2018,1143.822754,409.4365234,97.48488617,415.9355164,12.99798489,305.4526672,64.9899292,630.4022827,129.9798584,1538.6999374205488
122,Yorkdale-Glen Park,31,2019,1302.066895,391.8842163,126.4142609,549.9020386,6.320713043,265.4699402,107.4521179,543.5812988,189.6213837,1582.0999734426089
122,Yorkdale-Glen Park,31,2020,971.3543091,544.4533691,204.1700134,464.0227661,6.186970234,247.4788055,92.80455017,791.9321899,111.3654633,1616.3000310923312
122,Yorkdale-Glen Park,31,2021,986.7819824,578.668457,176.6461639,383.7485657,6.091247082,103.5511932,54.8212204,682.2196655,127.9161835,1641.7000197550426
122,Yorkdale-Glen Park,31,2022,1073.409302,1150.933228,104.2994553,351.8396912,5.963384628,190.8283081,41.74369431,753.273844,238.5353851,1676.8999454785794
122,Yorkdale-Glen Park,31,2023,1199.443726,1153.088379,75.32738495,892.3397827,NA,428.7866516,NA,683.7408447,254.9542236,1725.8000147311623
123,Brookhaven-Amesbury,30,2014,472.6206055,211.8644104,10.86484146,124.9456787,5.432420731,173.8374634,10.86484146,184.702301,27.16210365,1840.7999775625526
123,Brookhaven-Amesbury,30,2015,551.4304199,229.3077087,32.75824356,240.2271271,0,109.1941452,10.91941452,278.4450684,43.67765808,1831.6000778179052
123,Brookhaven-Amesbury,30,2016,661.6722412,164.0509644,21.87346268,169.5193329,5.468365669,180.4560547,16.40509605,147.645874,5.468365669,1828.699958465176
123,Brookhaven-Amesbury,30,2017,662.1079102,130.2507324,37.98979568,173.6676483,0,113.9693909,37.98979568,179.0947571,37.98979568,1842.5999466332912
123,Brookhaven-Amesbury,30,2018,563.6070557,257.6489563,32.20611954,177.1336517,0,107.3537292,10.7353735,246.9135742,59.04455185,1863.0000979954018
123,Brookhaven-Amesbury,30,2019,560.1195068,197.3754425,21.3378849,266.7235718,0,122.6928406,42.67576981,272.05804440000003,64.01365662,1874.5999509974577
123,Brookhaven-Amesbury,30,2020,501.6543884,298.8579407,5.336749077,176.1127167,0,85.38798523,5.336749077,325.541687,53.36748886,1873.8000139858839
123,Brookhaven-Amesbury,30,2021,740.62146,262.9743042,37.56775665,134.1705627,16.10046768,80.50233459,26.83411217,252.2406464,26.83411217,1863.3000453430016
123,Brookhaven-Amesbury,30,2022,851.5424194,364.1816711,21.34699541,107.1122513,10.71122551,64.26734924,26.77806282,266.8374426,42.84490204,1867.1999935368106
123,Brookhaven-Amesbury,30,2023,885.9003296,394.9194031,26.68374443,208.1332092,NA,160.1024628,NA,288.1844482,48.03073883,1873.7999575522451
124,Maple Leaf,29,2014,205.2384644,68.41281891,0,136.8256378,NA,87.95934296,0,117.2791214,NA,1023.2000157179115
124,Maple Leaf,29,2015,304.4588623,176.7825623,9.821252823,127.6762924,NA,29.46376038,19.64250565,176.7825623,39.28501129,1018.1999553507494
124,Maple Leaf,29,2016,413.6708374,147.7395782,0,177.2875061,NA,78.79444122,0,128.0409698,NA,1015.2999970696026
124,Maple Leaf,29,2017,175.5241394,78.01072693,19.50268173,97.51340485,NA,19.50268173,9.751340866,58.5080452,19.50268173,1025.4999717719738
124,Maple Leaf,29,2018,259.7902527,125.0841904,9.621860504,67.35302734,NA,57.73116684,19.24372101,317.5214233,38.48744202,1039.299962927362
124,Maple Leaf,29,2019,266.3369141,237.8008118,0,142.6804962,NA,38.04813004,9.512032509,171.2165833,28.53609848,1051.3000082852577
124,Maple Leaf,29,2020,265.579071,170.7294006,18.96993256,94.84966278,NA,18.96993256,9.484966278,294.0339661,18.96993256,1054.2999451941
124,Maple Leaf,29,2021,304.5298767,123.7152634,9.516558647,95.16558838,NA,9.516558647,19.03311729,180.814621,28.5496769,1050.8000182696032
124,Maple Leaf,29,2022,483.0002747,445.1179199,0,198.8824768,NA,47.35297012,9.470593452,179.6690307,28.41178131,1055.900020588539
124,Maple Leaf,29,2023,472.8132324,463.3569641,NA,160.7565002,NA,47.28132248,9.456264496,160.7565002,9.456264496,1057.5000142487552
125,Rustic,28,2014,524.4927979,69.27263641,0,207.8179169,0,138.5452728,49.48045349,197.921814,9.896091461,1010.5000528549679
125,Rustic,28,2015,656.1940918,188.9043579,19.88466835,169.0196838,9.942334175,159.0773468,69.59634399,139.192688,9.942334175,1005.7999732816247
125,Rustic,28,2016,737.6395264,99.68102264,29.90430641,169.4577332,0,59.80861282,89.71292114,79.74481964,29.90430641,1003.2000367598522
125,Rustic,28,2017,631.4750977,108.5347824,0,118.4015808,0,39.4671936,29.6003952,177.6023712,9.866798401,1013.4999817586631
125,Rustic,28,2018,702.2335205,146.298645,0,87.77919006,0,78.02593994,78.02593994,458.4024048,19.50648499,1025.2999593174504
125,Rustic,28,2019,618.8956299,367.4692993,19.34048843,135.3834229,9.670244217,29.01073456,67.69171143,251.4263611,9.670244217,1034.1000470522147
125,Rustic,28,2020,579.4862061,212.4782715,48.2905159,144.8715515,0,77.26482391,57.94861984,338.0335999,38.63241196,1035.3999692901405
125,Rustic,28,2021,601.3579102,155.1891327,0,67.89524841,19.39864159,58.19592667,67.89524841,126.0911713,NA,1030.9999909933836
125,Rustic,28,2022,705.5866699,338.2949829,9.611687812,96.65571594,0,38.66228485,9.665571213,240.2921953,48.32785797,1034.600044390663
125,Rustic,28,2023,855.4401855,326.7973938,NA,182.6220703,NA,19.22337532,28.83506393,134.5636292,19.22337532,1040.400036245433
126,York University Heights,27,2014,940.2866211,374.7267761,52.04538345,374.7267761,3.46969223,204.7118378,6.93938446,489.226593,104.0907669,2882.099924839609
126,York University Heights,27,2015,1025.748413,348.8940125,94.20137787,488.4515991,0,296.559906,3.488940001,425.6506958,160.4912415,2866.1999012032593
126,York University Heights,27,2016,1264.6698,381.8532104,87.58100891,346.8208008,7.006481171,241.723587,17.51620293,476.4407043,133.1231384,2854.5000442012615
126,York University Heights,27,2017,1184.29248,322.0444641,114.2738419,363.5986023,3.462843657,259.7132874,34.62843704,567.9063721,131.5880585,2887.8001488281
126,York University Heights,27,2018,1213.260376,311.0047913,123.0348587,416.9514771,3.417634964,311.0047913,27.34107971,577.5803223,126.4524918,2926.00011524649
126,York University Heights,27,2019,1279.837524,497.7145691,60.94464111,375.8252869,0,277.6366882,20.31488037,538.3443604,104.9602203,2953.499900663953
126,York University Heights,27,2020,1172.138916,631.6713867,131.7389526,354.6817932,3.37792182,158.7623291,40.5350647,885.015564,141.8727264,2960.3999599651547
126,York University Heights,27,2021,1121.615723,586.2221069,60.99420547,386.2966309,20.33140182,135.5426788,47.43993759,677.7133789,108.4341431,2951.0998572191024
126,York University Heights,27,2022,1123.0271,775.6643677,113.723785,428.3016357,10.11736107,171.9951477,43.84189987,719.1356992,198.9747772,2965.200038360606
126,York University Heights,27,2023,1368.030273,879.6869507,53.51707458,729.170166,NA,354.5506287,20.06890297,595.3774414,133.7926941,2989.6999216478594
127,Glenfield-Jane Heights,25,2014,935.0222778,142.1486511,31.58859062,113.7189255,0,154.7840881,25.27087212,249.5498657,22.11201286,3165.6999734429214
127,Glenfield-Jane Heights,25,2015,989.4353638,162.7780762,89.3683548,114.9021759,0,153.2028961,54.25936127,150.0111694,22.3420887,3133.1000623367854
127,Glenfield-Jane Heights,25,2016,1013.122375,209.0569916,32.16261292,96.48783875,3.216261387,228.3545532,70.75775146,283.0310059,28.94635201,3109.199912794345
127,Glenfield-Jane Heights,25,2017,917.1390381,162.4100342,41.39863586,133.7494354,6.369020939,168.7790527,66.87471771,194.2551422,22.29157448,3140.19999188605
127,Glenfield-Jane Heights,25,2018,965.6821289,213.8970184,25.16435432,119.5306854,0,166.7138519,78.63861084,257.9346313,34.60098648,3179.0999420244116
127,Glenfield-Jane Heights,25,2019,1094.61731,274.4339905,24.94854355,112.2684479,6.237135887,155.9283905,96.67560577,230.7740326,37.42281723,3206.600122192476
127,Glenfield-Jane Heights,25,2020,887.1595459,373.540863,46.69260788,158.7548676,3.112840414,155.6420288,105.8365784,432.6848145,59.14397049,3212.499953555423
127,Glenfield-Jane Heights,25,2021,984.6211548,331.3328247,18.754688260000002,128.1570435,15.6289072,90.6476593,59.3898468,300.0750122,21.88047028,3199.200001588266
127,Glenfield-Jane Heights,25,2022,880.9613037,501.1829224,15.50339524,105.8398743,9.338811874,96.50106049,31.12937355,251.1550029,34.24230957,3212.399895561951
127,Glenfield-Jane Heights,25,2023,1013.922058,368.9808044,15.50339508,133.3291931,NA,96.12104797,43.40950775,167.436676,83.71833801,3225.0999711459085
128,Broadview North,57,2014,409.8360596,16.72800255,33.4560051,117.0960159,0,75.27600861,0,125.460022,NA,1195.600017427066
128,Broadview North,57,2015,487.4359131,33.61627197,75.63660431,176.4854126,0,33.61627197,0,201.6976166,16.80813599,1189.9000143656012
128,Broadview North,57,2016,387.5315857,58.97219849,134.7935944,134.7935944,0,92.67060089,8.424599648,202.1903992,16.8491993,1187.0000200605584
128,Broadview North,57,2017,476.4292908,50.15045166,83.58408356,200.6018066,8.358408928,41.79204178,8.358408928,100.3009033,8.358408928,1196.399992626146
128,Broadview North,57,2018,471.2301636,49.60317612,8.267195702,66.13756561,8.267195702,57.87036896,0,132.2751312,8.267195702,1209.5999874996116
128,Broadview North,57,2019,566.0377197,24.6103363,106.6447906,205.0861359,0,41.01722717,0,213.2895813,8.203445435,1219.000034778071
128,Broadview North,57,2020,508.5718994,57.41940689,287.0970459,205.0693207,0,24.60831833,0,262.4887085,49.21663666,1219.0999949691675
128,Broadview North,57,2021,453.4212646,90.68425751,82.44023132,148.3924103,8.244023323,82.44023132,8.244023323,181.368515,8.244023323,1213.0000133213869
128,Broadview North,57,2022,493.7052612,123.4263153,196.7213115,139.8831635,8.228421211,16.45684242,16.45684242,270.4918033,24.68526268,1215.2999920269028
128,Broadview North,57,2023,663.9344482,139.3442688,90.1639328,180.3278656,NA,24.59016418,NA,229.508194,24.59016418,1219.9999596285445
129,Leaside-Bennington,56,2014,232.0320129,63.80880737,150.820816,226.2312164,0,40.60560226,0,382.8528442,52.20720291,1723.9000558616451
129,Leaside-Bennington,56,2015,163.4273071,81.71365356,134.2438507,175.1006775,5.836689472,64.20358276,5.836689472,204.2841339,29.18344688,1713.2999678485187
129,Leaside-Bennington,56,2016,234.3978882,17.57984161,222.6779938,193.3782654,0,46.87957764,0,111.3389969,17.57984161,1706.500016155009
129,Leaside-Bennington,56,2017,219.8183594,23.13877487,98.33979034,167.7561188,0,75.20101929,0,254.5265198,23.13877487,1728.700009577089
129,Leaside-Bennington,56,2018,204.8014526,227.5571747,130.8453674,193.4235992,0,45.51143646,0,164.9789581,17.06678772,1757.8000323226222
129,Leaside-Bennington,56,2019,174.1181793,174.1181793,146.0345917,252.7521973,0,11.23343086,0,258.3688965,39.31700897,1780.3999630956398
129,Leaside-Bennington,56,2020,162.0473785,240.2771606,268.2163696,223.5136414,0,44.70272827,0,240.2771606,33.5270462,1789.6000705744214
129,Leaside-Bennington,56,2021,279.7672424,481.199646,156.66964720000001,218.2184448,0,16.78603363,5.595344543,223.8137817,16.78603363,1787.1999441775963
129,Leaside-Bennington,56,2022,183.1298523,438.4017639,54.99037668,227.5249786,0,22.19755745,5.549389362,340.9403354,16.64816856,1802.000033612215
129,Leaside-Bennington,56,2023,208.9634247,615.8922119,65.9884491,269.4528503,NA,27.49518776,NA,296.9480286,49.49134064,1818.5000583023084
130,Thorncliffe Park,55,2014,416.168396,62.18608093,47.8354454,162.6405182,14.35063362,76.53671265,4.78354454,124.3721619,43.05190277,2090.4999234973143
130,Thorncliffe Park,55,2015,500.3540344,56.64385223,23.60160446,127.4486694,4.720321178,47.20320892,4.720321178,80.24545288,28.32192612,2118.499956278158
130,Thorncliffe Park,55,2016,413.7610474,23.24500275,69.73500824,111.5760117,4.649000645,74.38401031,4.649000645,139.4700165,51.13900375,2150.9999686838573
130,Thorncliffe Park,55,2017,459.4954834,41.35459137,45.94954681,87.30413818,18.37981987,41.35459137,9.189909935,114.8738708,41.35459137,2176.299955334882
130,Thorncliffe Park,55,2018,422.1324463,59.00776291,13.61717606,108.9374084,0,18.15623474,13.61717606,136.1717529,18.15623474,2203.1000179007087
130,Thorncliffe Park,55,2019,544.0647583,67.44604492,35.97122192,125.8992844,0,58.45323563,35.97122192,121.4028778,22.4820137,2223.99995871962
130,Thorncliffe Park,55,2020,439.1664734,89.62580872,67.21936035,183.7329102,8.962581635,22.40645218,40.33161545,116.5135574,17.92516327,2231.500033262785
130,Thorncliffe Park,55,2021,530.9814453,71.9974823,76.49732208,157.4944916,0,62.9977951,13.49952793,152.9946442,NA,2222.2998759086768
130,Thorncliffe Park,55,2022,509.7705994,147.5651703,71.08583615,236.9986115,0,84.9617691,13.41501617,271.0147503,44.71672058,2236.3000167953587
130,Thorncliffe Park,55,2023,568.6867065,244.3575592,44.42864609,217.7003784,NA,53.31437683,17.77145958,146.6145325,35.54291916,2250.7999314381723
131,O'Connor-Parkview,54,2014,955.8321533,115.5401535,47.26642609,278.3467407,5.251824856,152.3029327,26.25912476,325.6131592,57.77007675,1904.0999967582907
131,O'Connor-Parkview,54,2015,845.899231,63.04838943,57.7943573,157.6209717,0,68.30242157,15.76209736,462.3548584,31.52419472,1903.299992478655
131,O'Connor-Parkview,54,2016,665.5137939,36.68186188,31.44159698,178.1690521,0,146.7274475,5.240266323,440.182373,31.44159698,1908.300040721365
131,O'Connor-Parkview,54,2017,684.6118164,51.86452866,46.6780777,202.2716675,5.186452866,93.3561554,10.37290573,160.7800446,10.37290573,1928.0999368973207
131,O'Connor-Parkview,54,2018,680.5853882,97.22648621,46.05465317,133.0467682,0,35.8202858,25.58591843,399.1403198,30.7031002,1954.20005051469
131,O'Connor-Parkview,54,2019,725.3728027,142.0310364,25.36268616,284.0620728,0,60.87044907,20.29014969,253.6268616,35.50775909,1971.400078245586
131,O'Connor-Parkview,54,2020,577.3028564,101.2812042,30.38436127,126.6015091,0,96.21714783,5.064060211,394.9967041,50.64060211,1974.7000856862553
131,O'Connor-Parkview,54,2021,583.8452759,218.3073578,35.53840637,192.9227753,5.076915264,60.92298508,10.15383053,329.9994812,10.15383053,1969.699931591071
131,O'Connor-Parkview,54,2022,813.8300781,202.1938019,35.17411185,237.577713,0,40.43875885,15.16453552,211.0446711,45.49360657,1978.2999465426121
131,O'Connor-Parkview,54,2023,668.3081055,306.5172729,40.19898605,221.0944214,5.024873257,15.07461929,NA,190.9451752,30.14923859,1990.100058722092
132,Henry Farm,53,2014,423.2659607,95.57618713,27.30748177,259.4210815,0,47.78809357,0,395.9584961,27.30748177,1464.8000490628633
132,Henry Farm,53,2015,407.4768677,77.61464691,12.93577385,168.1650543,6.467886925,38.80732346,25.8715477,239.3118134,19.40366173,1546.100036441406
132,Henry Farm,53,2016,447.3587341,61.28202057,6.128201962,73.53842163,0,36.76921082,0,269.6408997,6.128201962,1631.8000395557717
132,Henry Farm,53,2017,426.3900757,86.43041992,17.28608513,161.336792,5.762028217,69.14434052,5.762028217,132.5266418,51.85825348,1735.5000554015005
132,Henry Farm,53,2018,412.3263855,86.80555725,5.425347328,119.3576355,5.425347328,54.25347137,10.85069466,130.2083282,27.12673569,1843.2000151491638
132,Henry Farm,53,2019,442.0230408,118.2154617,30.83881569,200.452301,0,35.97861862,20.55920982,431.7434082,66.81743622,1945.5999362465814
132,Henry Farm,53,2020,427.6445007,103.2245407,58.98545074,162.2099915,0,29.49272537,14.74636269,196.6181641,29.49272537,2034.400064950958
132,Henry Farm,53,2021,469.3055115,156.4351807,90.06873322,113.7710342,0,37.92367935,0,474.04599,28.44275856,2109.500050054281
132,Henry Farm,53,2022,435.4531555,140.6150818,30.72601176,163.2949219,0,54.43164444,9.071940422,364.3227109,45.35970306,2204.599938879074
132,Henry Farm,53,2023,469.6690369,294.0918274,35.11544037,109.7357559,4.389430046,57.06259155,NA,390.6593018,43.89430237,2278.2000002862014
133,Bayview Village,52,2014,404.3060913,121.7789459,38.96926117,228.9444275,0,14.61347389,0,414.0484314,38.96926117,2052.9000622553817
133,Bayview Village,52,2015,500.874176,66.15319061,51.97750854,160.6577454,0,23.62614059,4.725227833,108.6802444,42.52705383,2116.2999627275653
133,Bayview Village,52,2016,356.3922119,63.96783447,114.2282715,150.7813263,0,50.26044083,0,191.9035034,22.84565544,2188.6000141295453
133,Bayview Village,52,2017,266.5126953,93.27944183,53.30253601,177.6751251,0,39.97690201,0,133.2563477,31.09314537,2251.299883949656
133,Bayview Village,52,2018,267.1492615,38.77973175,64.63288879,215.4429474,4.308858871,25.85315323,4.308858871,129.2657776,30.16201401,2320.7999772067496
133,Bayview Village,52,2019,293.8583679,159.5231171,37.78178787,155.3251343,0,62.96965027,4.197976589,218.2947845,50.37571716,2382.099938151872
133,Bayview Village,52,2020,288.3268738,119.449707,189.4719543,123.5686646,4.118955612,74.1411972,4.118955612,243.0183716,49.42746353,2427.800054758545
133,Bayview Village,52,2021,288.6765747,170.7664185,44.7245369,117.910141,0,16.26346779,12.19760132,182.9640198,36.59280396,2459.4998771128207
133,Bayview Village,52,2022,477.9733887,242.9698029,27.25326066,119.4933472,0,39.83111572,19.91555786,264.7459607,23.8986702,2510.6000216116217
133,Bayview Village,52,2023,533.3852539,373.7590027,66.18649292,256.9593201,NA,35.03990555,7.786645889,447.7321472,70.0798111,2568.4999538004668
134,Newtonbrook East,50,2014,466.8878174,92.14891052,55.2893486,221.1573944,0,49.14608765,0,135.1517334,6.143260956,1627.800023209601
134,Newtonbrook East,50,2015,470.7631226,49.5540123,49.5540123,309.7125854,6.194251537,49.5540123,0,204.4103088,37.16551208,1614.4000315966975
134,Newtonbrook East,50,2016,585.8887939,49.86287689,56.09573746,261.7800903,6.232859612,62.32859802,12.46571922,162.0543518,31.16429901,1604.4000325434454
134,Newtonbrook East,50,2017,497.7264404,67.59247589,55.30293655,344.1071777,0,116.7506485,0,239.6460571,55.30293655,1627.3999817028807
134,Newtonbrook East,50,2018,518.6346436,84.42890167,36.183815,385.9606934,6.030635834,42.21445084,6.030635834,205.0416107,24.12254333,1658.2000655229658
134,Newtonbrook East,50,2019,504.8105469,166.2905273,41.57263184,314.7642212,0,59.38947678,0,344.4589539,53.45052719,1683.8000022380277
134,Newtonbrook East,50,2020,354.1703491,230.2107239,5.902839184,224.3078918,0,88.54258728,5.902839184,271.5306091,59.02839279,1694.1000327234904
134,Newtonbrook East,50,2021,501.1496887,253.5227814,47.16703033,159.1887207,0,53.06290817,5.895878792,194.5639954,47.16703033,1696.100025932232
134,Newtonbrook East,50,2022,473.1861267,344.6664429,51.9091014,221.9885559,0,52.57623672,23.36721611,265.3131849,52.57623672,1711.7999753055735
134,Newtonbrook East,50,2023,501.7879944,432.5758362,46.14142227,207.6363983,5.767677784,115.3535614,5.767677784,248.0101471,86.51516724,1733.7999507945183
135,Bayview Woods-Steeles,49,2014,264.8305054,121.0653763,15.13317204,166.4648895,0,52.9661026,0,174.0314789,30.26634407,1321.6000153432476
135,Bayview Woods-Steeles,49,2015,328.4448547,53.46776581,22.91475677,259.700592,0,7.638252258,0,106.9355316,7.638252258,1309.1999885118005
135,Bayview Woods-Steeles,49,2016,284.812561,138.5574646,7.697636604,254.0220184,0,NA,7.697636604,115.4645538,7.697636604,1299.1000070393663
135,Bayview Woods-Steeles,49,2017,236.0645752,159.9147186,15.22997284,296.9844666,0,30.45994568,0,45.68991852,22.84495926,1313.1999993533973
135,Bayview Woods-Steeles,49,2018,322.9682922,52.57623672,7.510890961,217.8158264,0,45.06534576,22.53267288,217.8158264,15.02178192,1331.4000488125937
135,Bayview Woods-Steeles,49,2019,349.0012512,155.9367371,14.85111713,155.9367371,7.425558567,44.55335236,22.27667618,163.3622894,14.85111713,1346.7000430054618
135,Bayview Woods-Steeles,49,2020,244.4263458,118.5097427,22.22057533,244.4263458,0,14.81371784,7.406858921,244.4263458,14.81371784,1350.0999612783967
135,Bayview Woods-Steeles,49,2021,200.4603119,200.4603119,7.42445612,74.24456024,0,14.84891224,0,200.4603119,14.84891224,1346.9000294416883
135,Bayview Woods-Steeles,49,2022,295.7267456,103.504364,0,73.9316864,0,14.78633785,0,139.2859761,29.5726757,1352.6000131927194
135,Bayview Woods-Steeles,49,2023,439.8504639,249.2485962,21.99252319,197.9327087,NA,51.31588745,NA,241.9177551,7.330841064,1364.0999595180829
136,Hillcrest Village,48,2014,365.9085693,61.92298889,22.51745033,197.0276947,0,95.69916534,5.629362583,151.9927979,33.77617645,1776.4000478138023
136,Hillcrest Village,48,2015,330.6350403,57.00604248,22.80241776,273.6289978,0,39.90422821,0,262.2277832,28.50302124,1754.2000372184991
136,Hillcrest Village,48,2016,230.335144,126.6843262,17.27513504,195.7848663,0,86.37567902,0,120.9259491,11.51675701,1736.5999519378597
136,Hillcrest Village,48,2017,296.6681824,102.6928329,39.93610382,176.8598785,0,154.0392456,5.70515728,114.1031494,22.82062912,1752.8000333344814
136,Hillcrest Village,48,2018,394.76651,140.9880371,45.11617279,236.8599091,0,95.87187195,5.639521599,208.6623077,45.11617279,1773.2000619809417
136,Hillcrest Village,48,2019,380.4195862,151.0489502,50.34965134,195.8041992,5.594405651,95.10489655,11.1888113,257.3426514,33.56643295,1787.4999728392006
136,Hillcrest Village,48,2020,279.6264343,128.6281586,0,100.6655121,0,78.2953949,0,167.7758484,44.74022675,1788.0999028281067
136,Hillcrest Village,48,2021,247.4690704,224.9718781,22.49718857,112.485939,5.624297142,50.61867142,5.624297142,314.9606323,22.49718857,1777.9999710218333
136,Hillcrest Village,48,2022,229.3963013,89.52050781,0,173.4459839,0,179.0410156,5.595031738,243.4166851,27.97515869,1787.2999593999991
136,Hillcrest Village,48,2023,376.1894226,403.8504028,11.06439495,221.2879028,NA,71.91856384,5.532197475,232.3522949,44.2575798,1807.5999992244333
137,Alderwood,20,2014,355.010498,72.61578369,40.34210205,145.2315674,8.06842041,64.54736328,8.06842041,298.5315552,56.47894287,1239.3999683919208
137,Alderwood,20,2015,379.8900757,145.4898224,16.16553497,226.3174896,0,48.49660492,0,363.7245483,24.24830246,1237.199995640739
137,Alderwood,20,2016,314.7953796,137.2185059,24.21502876,209.8635864,0,80.71676636,0,363.2254333,80.71676636,1238.9000133850757
137,Alderwood,20,2017,166.9316406,127.1860123,31.79650307,182.829895,0,47.69475174,0,135.1351318,55.64387894,1257.9999767881031
137,Alderwood,20,2018,233.6994629,194.7495575,70.10984039,179.1695862,0,62.31985855,0,155.7996368,54.52987289,1283.6999977546805
137,Alderwood,20,2019,275.9466553,114.9777679,38.32592392,199.2947998,0,38.32592392,7.665184498,413.9199829,53.65629196,1304.5999764288501
137,Alderwood,20,2020,281.5829468,213.089798,60.88280106,327.2450562,0,91.32420349,0,357.6864624,38.05175018,1314.0000280727227
137,Alderwood,20,2021,205.2451477,235.6518402,0,129.2284241,0,15.20334435,0,357.278595,30.40668869,1315.5000399553905
137,Alderwood,20,2022,323.2110596,511.1244812,88.86914019,315.694519,22.54960823,52.61575317,7.516536236,229.5786122,60.13228989,1330.4000195171539
137,Alderwood,20,2023,325.8535156,355.4765625,14.81152344,148.1152344,NA,59.24609375,NA,118.4921875,59.24609375,1350.2999935103355
138,Long Branch,19,2014,623.2956543,87.6509552,116.8679428,233.7358856,0,136.345932,0,438.2547607,19.4779892,1026.800035560588
138,Long Branch,19,2015,649.7915039,145.475708,96.9838028,320.0465393,0,135.7773285,0,504.3157654,38.79352188,1031.0999697267664
138,Long Branch,19,2016,577.3671875,125.0962296,96.22786713,269.4380188,0,57.73672104,0,182.8329468,NA,1039.200032475001
138,Long Branch,19,2017,612.4564209,131.9136963,160.1809082,254.4049683,0,131.9136963,28.26721954,395.7410583,28.26721954,1061.3000008144743
138,Long Branch,19,2018,524.0897217,101.1401215,321.8094788,358.5877075,0,91.9455719,0,147.112915,27.58366966,1087.6000356409966
138,Long Branch,19,2019,531.435791,99.08124542,99.08124542,261.2142029,0,270.2215881,0,396.3249817,9.007386208,1110.1999714580759
138,Long Branch,19,2020,622.6096191,213.466156,71.15538788,302.4104004,0,142.3107758,0,373.5657654,35.57769394,1124.3000084256166
138,Long Branch,19,2021,838.8521118,362.0309143,97.13024139,132.4503326,8.830021858,8.830021858,26.49006653,344.3708496,26.49006653,1132.4999801949596
138,Long Branch,19,2022,783.0172119,287.1063232,258.5983967,287.1063232,0,60.90134048,0,258.5983967,43.50095749,1149.4000212538622
138,Long Branch,19,2023,827.5148926,318.9380188,137.9191437,232.7385559,NA,60.33962631,NA,163.7789917,17.23989296,1160.0999674866757
139,New Toronto,18,2014,748.9984131,78.38356018,60.96498871,209.0228119,0,165.4763947,8.709283829,174.1856842,17.41856766,1148.2000294774723
139,New Toronto,18,2015,892.0065918,112.5833588,103.9230957,363.730835,0,181.8654175,8.660258293,372.3910828,43.3012886,1154.6999870500283
139,New Toronto,18,2016,840.8408203,85.80008698,51.48005295,360.3603516,8.580008507,163.0201569,8.580008507,274.5602722,42.90004349,1165.500028471917
139,New Toronto,18,2017,857.6766357,101.9021759,76.42662811,220.7880402,0,195.3125,25.47554398,178.3288116,8.491847992,1177.5999927707953
139,New Toronto,18,2018,879.3969727,100.5025101,293.1323242,175.8793945,16.75041962,167.5041809,8.375209808,309.8827515,8.375209808,1194.0000165979648
139,New Toronto,18,2019,895.6708984,190.7447357,74.63924408,207.3312378,0,140.9852448,16.58649826,348.3164673,16.58649826,1205.8000342863434
139,New Toronto,18,2020,720.3179321,173.8698425,132.4722595,339.4601746,0,91.07468414,33.11806488,331.1806641,41.39758301,1207.8000022345966
139,New Toronto,18,2021,962.6555786,124.4813309,74.688797,149.377594,0,116.1825714,24.89626503,199.1701202,41.49377441,1205.0000288649446
139,New Toronto,18,2022,1346.884766,347.0500793,172.0606309,198.3143311,0,132.209549,0,393.281442,57.84167862,1210.2000417161153
139,New Toronto,18,2023,1376.485107,311.3478088,73.74027252,311.3478088,NA,131.093811,8.19336319,294.9610901,40.96681595,1220.4999468984447
140,Stonegate-Queensway,16,2014,371.09375,152.34375,39.0625,273.4375,0,89.84375,11.71875,371.09375,31.25,2560
140,Stonegate-Queensway,16,2015,285.7366638,125.254425,78.28401184,176.1390381,0,58.7130127,7.828401566,238.7662506,31.31360626,2554.7998996410206
140,Stonegate-Queensway,16,2016,316.3938904,54.68536377,46.87316895,191.3987732,0,62.49755859,0,203.1170654,15.62438965,2560.1000037515264
140,Stonegate-Queensway,16,2017,406.1109924,135.3703308,30.94179153,193.3861847,0,100.5608215,0,224.3279877,23.2063427,2585.5000717779144
140,Stonegate-Queensway,16,2018,335.8009644,129.7412872,45.79103851,148.8208771,0,103.0298386,3.815920115,301.4576721,30.52736092,2620.599978241158
140,Stonegate-Queensway,16,2019,344.0843811,136.1212921,41.59262085,241.9934235,0,90.74753571,7.562294483,276.0237427,15.12458897,2644.700108417679
140,Stonegate-Queensway,16,2020,411.5381775,185.0034027,49.08253479,132.1452789,0,75.51158905,0,370.0068054,18.87789726,2648.5999588701584
140,Stonegate-Queensway,16,2021,310.8179932,265.332428,18.95231628,113.7138977,3.790463209,72.01879883,0,223.6373291,26.53324318,2638.199904573607
140,Stonegate-Queensway,16,2022,392.3936157,531.9951782,37.41394792,166.0126801,0,26.41110802,0,400.3292427,33.95713806,2650.3999004793186
140,Stonegate-Queensway,16,2023,512.571106,553.7264404,26.18976402,377.8808594,7.482789516,67.34510803,3.741394758,258.15625,41.1553421,2672.79989832279
141,Kingsway South,15,2014,244.8631897,191.6320648,127.7547073,255.5094147,NA,95.81603241,0,255.5094147,31.93867683,939.3000241554887
141,Kingsway South,15,2015,351.9624634,170.648468,170.648468,245.3071747,NA,181.3139954,0,362.6279907,31.99658775,937.5999838510052
141,Kingsway South,15,2016,287.8157959,95.93859863,149.2378235,287.8157959,NA,106.5984421,0,202.5370483,21.3196888,938.100006484043
141,Kingsway South,15,2017,209.709549,220.1950226,83.88381958,325.0498047,NA,157.2821655,10.48547745,293.5933838,62.91286469,953.7000148715211
141,Kingsway South,15,2018,319.0285034,102.9124222,72.03869629,185.2423553,NA,164.6598816,0,277.8635254,41.1649704,971.7000101753291
141,Kingsway South,15,2019,293.7303772,293.7303772,70.9004364,253.2158356,NA,131.6722412,0,232.9585724,40.514534,987.2999952011772
141,Kingsway South,15,2020,110.4306793,170.6655884,120.4698334,210.8222046,NA,40.1566124,0,140.5481415,30.11745834,996.1000031627987
141,Kingsway South,15,2021,300.5409851,360.6491699,60.10819626,90.16229248,NA,140.2524567,0,170.3065491,30.05409813,998.1999623118957
141,Kingsway South,15,2022,208.1474915,674.0014038,58.49663644,128.8532104,NA,79.29428101,0,194.9887881,39.6471405,1008.8999799452304
141,Kingsway South,15,2023,633.713562,857.9506836,87.74495697,536.2191772,NA,77.99551392,NA,126.7427139,58.49663544,1025.6999991425148
142,Etobicoke West Mall,13,2014,390.049408,95.34541321,86.67764282,225.3618774,8.667764664,130.0164642,8.667764664,208.0263519,NA,1153.6999948478322
142,Etobicoke West Mall,13,2015,505.6998291,119.9965744,17.14236641,214.2795868,0,42.85591888,17.14236641,214.2795868,25.71355057,1166.7000185664092
142,Etobicoke West Mall,13,2016,388.9734497,126.8391647,8.455944061,118.3832245,8.455944061,33.82377625,8.455944061,160.6629486,NA,1182.5999958474802
142,Etobicoke West Mall,13,2017,441.6666565,75,16.66666603,66.66666412,0,33.33333206,8.333333015,125,33.33333206,1200.0000276226422
142,Etobicoke West Mall,13,2018,368.8524475,73.77049255,16.39344215,131.1475372,0,49.18032837,24.59016418,188.5245972,24.59016418,1220.0000380911124
142,Etobicoke West Mall,13,2019,420.5758667,97.05596924,24.26399231,64.70397949,16.17599487,80.87997437,32.35198975,153.6719513,48.52798462,1236.39999622451
142,Etobicoke West Mall,13,2020,506.7975159,80.44405365,16.08880997,112.6216736,8.044404984,72.39964294,48.2664299,233.2877502,56.31083679,1243.100015755227
142,Etobicoke West Mall,13,2021,385.6660767,136.5900726,32.13883972,96.41651917,0,16.06941986,0,144.6247864,24.104129790000002,1244.6000024352154
142,Etobicoke West Mall,13,2022,414.540802,247.1300964,31.4638559,167.4107208,0,39.85969543,7.97193861,416.8960906,39.85969543,1254.4000433520655
142,Etobicoke West Mall,13,2023,519.1536255,487.6897583,23.59789276,94.39157104,NA,7.865963936,15.73192787,385.4322205,39.32981873,1271.299992106094
143,Markland Wood,12,2014,214.6924286,74.67562866,298.7025146,485.391571,NA,84.01007843,0,541.3983154,28.00336075,1071.3000057795239
143,Markland Wood,12,2015,112.2019653,140.2524567,56.10098267,177.6531067,NA,28.05049133,0,355.3062134,18.70032692,1069.499983170081
143,Markland Wood,12,2016,242.8998566,121.4499283,9.342302322,177.5037384,NA,93.42301941,0,411.0612793,18.68460464,1070.3999732208981
143,Markland Wood,12,2017,213.9136963,83.70536041,27.9017849,120.9077377,NA,93.00595093,0,288.3184509,9.300595284,1075.199970727634
143,Markland Wood,12,2018,221.4839478,175.3414612,46.14248657,230.7124329,NA,36.91399002,9.228497505,203.026947,18.45699501,1083.5999736500994
143,Markland Wood,12,2019,128.7593079,82.77384186,82.77384186,229.9273376,NA,119.5622177,9.197093964,165.5476837,27.59128189,1087.300035106821
143,Markland Wood,12,2020,387.2395325,267.3796692,9.219988823,110.6398697,NA,156.7398071,0,147.5198212,64.53992462,1084.6000078775533
143,Markland Wood,12,2021,232.7313385,204.8035736,9.309253693,83.78327942,NA,74.47402954,0,214.1128235,NA,1074.1999836004038
143,Markland Wood,12,2022,325.8542175,288.6137085,9.310120101,111.7214432,NA,102.4113235,0,372.404804,27.93036079,1074.0999539157415
143,Markland Wood,12,2023,418.9554138,465.506012,9.310119629,139.6517944,NA,37.24047852,NA,214.1327667,9.310119629,1074.0999762204292
144,Eringate-Centennial-West Deane,11,2014,286.2644958,145.7346649,26.02404594,202.9875641,0,67.66252136,0,369.5414429,31.22885513,1921.3000846051827
144,Eringate-Centennial-West Deane,11,2015,335.0610046,125.6478729,10.47065639,146.5891876,0,78.52992249,20.94131279,240.8250885,20.94131279,1910.0999257255853
144,Eringate-Centennial-West Deane,11,2016,320.6981812,157.7204132,21.02938843,147.205719,0,68.34551239,15.77204132,220.8085785,21.02938843,1902.0999673820413
144,Eringate-Centennial-West Deane,11,2017,302.5560913,151.2780457,20.86593628,93.89671326,0,93.89671326,5.21648407,151.2780457,10.43296814,1916.9999106873047
144,Eringate-Centennial-West Deane,11,2018,175.3390808,139.2398529,10.31406307,170.1820374,10.31406307,46.4132843,15.47109509,216.5953217,20.62812614,1939.0999339606437
144,Eringate-Centennial-West Deane,11,2019,225.3290253,209.965683,15.36334324,102.422287,5.121114254,56.33225632,10.24222851,184.3601227,20.48445702,1952.7000545721528
144,Eringate-Centennial-West Deane,11,2020,215.1859894,261.2972717,20.49390221,61.48170853,0,97.34603882,20.49390221,189.5686035,15.37042713,1951.799934424541
144,Eringate-Centennial-West Deane,11,2021,195.8964844,340.241272,0,72.17238617,0,20.62068176,5.155170441,175.2758026,10.31034088,1939.7999977584082
144,Eringate-Centennial-West Deane,11,2022,293.1194153,457.6776733,0,92.56402588,0,61.70935059,5.142445564,306.7798343,15.42733765,1944.5999488523132
144,Eringate-Centennial-West Deane,11,2023,460.1697388,613.5596924,10.22599411,158.5029144,NA,66.46896362,NA,230.0848694,15.33899212,1955.8000540125913
145,Princess-Rosethorn,10,2014,209.6436005,183.4381561,26.20545006,296.9951172,0,192.1733093,0,794.8986816,34.94060135,1144.8000293240527
145,Princess-Rosethorn,10,2015,131.9261169,167.1064148,35.18029785,255.0571747,0,35.18029785,0,650.8355103,35.18029785,1137.0000385420271
145,Princess-Rosethorn,10,2016,308.9962158,211.8831177,26.48538971,291.3392639,8.828462601,326.6531372,8.828462601,467.9085388,26.48538971,1132.6999558678738
145,Princess-Rosethorn,10,2017,234.232666,164.8303986,26.0258522,251.5832367,0,60.72698975,26.0258522,260.2585144,26.0258522,1152.700025196315
145,Princess-Rosethorn,10,2018,178.1321564,178.1321564,50.89490128,186.6146393,8.482483864,25.44745064,8.482483864,313.8518982,50.89490128,1178.9000046035483
145,Princess-Rosethorn,10,2019,216.6486053,233.3138885,41.66319656,274.9770813,0,124.9895859,0,274.9770813,33.33055496,1200.1000405240088
145,Princess-Rosethorn,10,2020,190.0983582,165.3029175,16.53029251,99.18174744,0,74.38631439,8.265146255,305.8103943,33.06058502,1209.8999811351343
145,Princess-Rosethorn,10,2021,205.5921021,189.1447296,41.11841965,98.68421173,0,16.44736862,8.223684311,279.6052551,16.44736862,1216.00001870889
145,Princess-Rosethorn,10,2022,219.3695221,495.6126099,7.966857871,105.6223602,0,16.24959373,8.124796867,223.0720204,16.24959373,1230.7999644404567
145,Princess-Rosethorn,10,2023,199.1714478,916.1886597,15.93371582,501.9120483,NA,95.60229492,15.93371582,151.3703003,39.83428955,1255.199993580606
146,Edenbridge-Humber Valley,9,2014,161.498703,167.9586639,19.37984467,277.777771,NA,45.21963882,0,562.0155029,19.37984467,1548.0000480251533
146,Edenbridge-Humber Valley,9,2015,154.5196991,148.0813751,70.8215332,257.5328369,NA,45.06824493,0,534.3806152,25.75328445,1553.2000217310804
146,Edenbridge-Humber Valley,9,2016,185.647522,179.2458801,32.00819397,294.4753723,NA,25.60655594,12.80327797,300.8770142,12.80327797,1562.1000316933937
146,Edenbridge-Humber Valley,9,2017,176.0341949,113.1648407,69.15629578,264.0513,NA,31.43467903,0,232.6166229,25.14774323,1590.6000544897543
146,Edenbridge-Humber Valley,9,2018,141.6866913,110.885231,18.48087311,277.2130737,NA,36.96174622,0,141.6866913,30.80145454,1623.2999577427495
146,Edenbridge-Humber Valley,9,2019,211.9542236,139.2841949,6.05583477,320.959259,NA,18.16750526,18.16750526,199.8425446,60.55834961,1651.2999555060528
146,Edenbridge-Humber Valley,9,2020,197.9129181,221.902359,23.98944473,137.9393005,NA,53.97624969,5.997361183,161.9287567,5.997361183,1667.4000018192849
146,Edenbridge-Humber Valley,9,2021,208.9926605,179.1365662,35.82731247,95.53949738,NA,NA,11.94243717,143.3092499,11.94243717,1674.6999591404312
146,Edenbridge-Humber Valley,9,2022,182.9772186,448.58929440000003,11.58010538,177.0747223,NA,35.4149437,11.80498123,225.8120549,53.12241745,1694.1999794940593
146,Edenbridge-Humber Valley,9,2023,306.8728027,665.8560791,11.58010578,364.7733154,NA,40.5303688,5.790052891,162.1214752,28.95026398,1727.0999428324378
147,Humber Heights-Westmount,8,2014,233.3268585,262.4927063,29.16585732,184.7170868,9.721952438,106.9414749,9.721952438,661.0927734,9.721952438,1028.599971485923
147,Humber Heights-Westmount,8,2015,330.2253418,252.5252533,29.13752937,194.2501984,0,58.27505875,38.85004044,349.6503601,19.42502022,1029.5999639116733
147,Humber Heights-Westmount,8,2016,300.1549072,164.6010895,9.682416916,222.6955872,9.682416916,106.5065842,67.7769165,271.107666,38.72966766,1032.8000394590915
147,Humber Heights-Westmount,8,2017,361.354126,237.7329712,9.509319305,294.7888794,9.509319305,47.54659653,28.52795792,218.7143402,57.055915830000004,1051.6000030396774
147,Humber Heights-Westmount,8,2018,362.6220398,139.4700165,27.89400291,269.6420288,18.59600258,46.49000549,27.89400291,325.4300232,27.89400291,1075.4999895072567
147,Humber Heights-Westmount,8,2019,328.3772583,173.3102264,9.121590614,209.7965851,0,45.60795593,63.85113525,118.5806808,45.60795593,1096.3000357080452
147,Humber Heights-Westmount,8,2020,207.5437622,207.5437622,9.023641586,81.21277618,0,18.04728317,0,324.8511047,9.023641586,1108.2000131536595
147,Humber Heights-Westmount,8,2021,278.0518494,179.3882904,26.90824318,143.5106354,17.93882942,8.969414711,44.8470726,295.9906616,44.8470726,1114.8999751986546
147,Humber Heights-Westmount,8,2022,283.7633972,257.1605835,35.09387612,88.67606354,8.867606163,79.80845642,8.867606163,157.9224425,8.867606163,1127.7000598299858
147,Humber Heights-Westmount,8,2023,464.993866,219.336731,8.773468971,114.0550995,NA,52.64081573,35.09387589,175.4693756,17.54693794,1139.7999817915877
148,Willowridge-Martingrove-Richview,7,2014,366.9968262,198.9741821,8.843297005,190.1308746,0,88.43296814,8.843297005,521.7545166,17.68659401,2261.5999396890697
148,Willowridge-Martingrove-Richview,7,2015,312.9545593,154.2733765,48.48591614,158.6811829,4.407810688,66.11715698,8.815621376,260.0608215,13.22343159,2268.69997225185
148,Willowridge-Martingrove-Richview,7,2016,429.560791,214.7803955,8.766547203,153.414566,0,232.3134918,13.14982033,223.5469513,17.53309441,2281.4000265680675
148,Willowridge-Martingrove-Richview,7,2017,428.8313293,186.2600708,12.99488831,168.933548,0,86.63259125,12.99488831,177.596817,17.32651901,2308.599984091694
148,Willowridge-Martingrove-Richview,7,2018,333.3333435,226.4957275,12.82051277,282.0512695,8.547008514,72.64957428,21.36752129,294.8717957,17.09401703,2339.999928630002
148,Willowridge-Martingrove-Richview,7,2019,405.7995605,181.764389,8.454156876,177.5373077,4.227078438,160.6289825,21.13539314,156.4019165,12.68123627,2365.6999500372795
148,Willowridge-Martingrove-Richview,7,2020,400.3708801,295.0101013,4.214430332,88.5030365,0,67.43088531,29.50101089,181.2205048,16.85772133,2372.799939303078
148,Willowridge-Martingrove-Richview,7,2021,240.9842377,253.6676178,25.36676025,88.78366089,8.455587387,25.36676025,12.68338013,224.0730591,12.68338013,2365.299927664107
148,Willowridge-Martingrove-Richview,7,2022,411.5744934,445.1723938,20.74947089,113.3929672,0,62.99609375,16.79895782,273.8930157,20.99869728,2381.0999362576144
148,Willowridge-Martingrove-Richview,7,2023,510.4369812,435.7388916,12.44968224,128.6467133,NA,70.54820251,16.59957695,253.1435394,12.44968224,2409.7000125429
149,Kingsview Village-The Westway,6,2014,406.2706909,251.7111969,0,167.8074646,8.831972122,79.48774719,13.24795723,485.7584534,22.07992935,2264.500050353005
149,Kingsview Village-The Westway,6,2015,535.2561035,221.1802216,26.54162598,145.9789429,4.423604488,141.5553436,30.96523094,238.8746338,17.69441795,2260.600097949187
149,Kingsview Village-The Westway,6,2016,565.645874,185.6025391,8.838216782,150.2496796,8.838216782,114.8968124,70.70573425,238.6318512,22.095541,2262.8999146557903
149,Kingsview Village-The Westway,6,2017,469.9371948,158.1097107,17.567745209999998,171.2855225,8.783872604,57.09517288,43.91936493,206.4210052,26.35161781,2276.9000024681595
149,Kingsview Village-The Westway,6,2018,423.0266113,239.8604431,21.80549431,170.0828552,8.722197533,78.49977875,13.08329678,231.1382446,13.08329678,2292.999953405059
149,Kingsview Village-The Westway,6,2019,421.2446289,173.7091217,21.71364021,117.2536621,0,60.79819489,13.02818394,178.0518494,8.685456276,2302.6999834584717
149,Kingsview Village-The Westway,6,2020,435.5210876,261.3126526,21.77605438,60.9729538,0,26.13126564,8.710421562,287.4439392,30.4864769,2296.1000706318036
149,Kingsview Village-The Westway,6,2021,434.9736328,360.281189,13.18101978,74.69244385,4.393672943,39.54305649,30.75571251,413.0052795,35.14938354,2276.0000270066944
149,Kingsview Village-The Westway,6,2022,579.8374634,531.5177002,21.96933081,65.890625,0,43.92708206,4.392708302,298.7828991,26.35624886,2276.5000251275587
149,Kingsview Village-The Westway,6,2023,663.4738159,492.1130066,4.393866062,175.7546539,NA,101.0589218,8.787732124,443.7804871,35.1509285,2275.899913173951
150,Elms-Old Rexdale,5,2014,458.3418274,71.29761505,10.18537426,81.48299408,0,142.5952301,20.37074852,315.746582,10.18537426,981.7999866010047
150,Elms-Old Rexdale,5,2015,543.144104,194.7120361,40.99200821,174.2160339,0,81.98401642,40.99200821,245.9520416,10.24800205,975.7999692840264
150,Elms-Old Rexdale,5,2016,709.7305298,164.5751953,20.57189941,102.8594971,0,216.0049438,41.14379883,246.862793,NA,972.1999703104783
150,Elms-Old Rexdale,5,2017,632.9760132,122.5114822,30.62787056,122.5114822,20.41858101,224.6043854,61.25574112,204.1858063,20.41858101,979.4999922123432
150,Elms-Old Rexdale,5,2018,567.088623,334.1772156,20.25316429,70.88607788,0,131.6455688,30.37974739,192.4050598,10.12658215,987.4999731743869
150,Elms-Old Rexdale,5,2019,715.3652344,282.1158752,10.07556629,100.7556686,0,161.2090607,90.68009949,251.8891754,40.30226517,992.5000067909367
150,Elms-Old Rexdale,5,2020,494.0014038,423.4297791,20.16332245,131.0615997,0,70.57163239,0,352.8581543,20.16332245,991.900015325422
150,Elms-Old Rexdale,5,2021,701.1482544,518.2399902,0,101.6156921,0,71.13098145,71.13098145,182.9082336,30.48470688,984.1000040575726
150,Elms-Old Rexdale,5,2022,649.6143188,598.8631592,20.23472278,91.35201263,10.15022373,152.2533569,60.90134048,313.6382032,NA,985.1999586188924
150,Elms-Old Rexdale,5,2023,617.1590576,404.694458,60.70417023,161.8777771,NA,141.6430664,NA,435.0465393,40.46944427,988.3999796943109
151,Rexdale-Kipling,4,2014,467.027832,121.4272385,0,158.7894592,0,130.7677917,0,541.7522583,18.6811142,1070.600006553785
151,Rexdale-Kipling,4,2015,552.2792969,84.24599457,9.360666275,159.1313324,0,102.9673309,9.360666275,187.2133331,9.360666275,1068.3000491087212
151,Rexdale-Kipling,4,2016,655.8605957,206.1276093,18.73887444,149.9109955,0,140.5415497,28.1083107,121.802681,NA,1067.2999789732603
151,Rexdale-Kipling,4,2017,802.538269,214.6323242,18.66368103,121.3139267,9.331840515,279.9552002,27.99552155,177.3049622,9.331840515,1071.5999887103203
151,Rexdale-Kipling,4,2018,702.7277222,527.0457764,9.246417046,166.4355011,0,203.4211731,27.73925018,323.6246033,27.73925018,1081.4999550902874
151,Rexdale-Kipling,4,2019,534.315979,479.0419312,9.21234417,128.9728241,18.42468834,202.6715851,46.0617218,423.7678528,27.63703346,1085.5000089750265
151,Rexdale-Kipling,4,2020,452.6140747,369.4808655,9.2370224,166.2664032,0,129.3183136,9.2370224,387.9549255,9.2370224,1082.6000060311426
151,Rexdale-Kipling,4,2021,447.0522461,372.5435486,18.62717628,270.0940552,0,93.13588715,9.313588142,512.2473755,18.62717628,1073.7000075213357
151,Rexdale-Kipling,4,2022,540.9438477,512.9639893,9.326618168,195.8589783,18.65323639,121.2460327,9.326618195,484.9841447,83.93955994,1072.2000120087512
151,Rexdale-Kipling,4,2023,708.822998,690.1697388,9.326618195,149.2258911,NA,223.8388367,9.326618195,438.3510437,37.30647278,1072.1999739630344
152,Thistletown-Beaumond Heights,3,2014,605.5945435,96.12611389,19.225223540000002,211.4774628,0,192.25222779999999,0,259.5405273,9.612611771,1040.2999940503923
152,Thistletown-Beaumond Heights,3,2015,557.5314941,144.1891785,48.063056949999996,221.0900726,9.612611771,230.7026825,19.225223540000002,528.6936646,28.83783531,1040.2999761229094
152,Thistletown-Beaumond Heights,3,2016,460.2550659,143.8297119,28.76594162,220.5388794,0,153.4183502,28.76594162,345.1912842,9.588646889,1042.89998212489
152,Thistletown-Beaumond Heights,3,2017,533.9944458,219.3191528,0,162.1054688,0,228.8547668,19.07123184,190.7123108,38.14246368,1048.7000462355745
152,Thistletown-Beaumond Heights,3,2018,500.8978271,415.8397217,0,151.214447,18.90180588,103.9599304,9.450902939,330.7815857,18.90180588,1058.1000182581947
152,Thistletown-Beaumond Heights,3,2019,704.9534912,488.7677307,0,131.5913086,0,93.9937973,18.79875946,366.5758057,37.59751892,1063.8999726397838
152,Thistletown-Beaumond Heights,3,2020,527.5553589,405.0871277,0,103.6269455,0,84.78568268,9.420631409,518.1347046,47.10315704,1061.49997446268
152,Thistletown-Beaumond Heights,3,2021,578.8025513,417.4969177,9.488566399,75.90853119,0,56.93139648,9.488566399,379.5426636,18.9771328,1053.8999847701605
152,Thistletown-Beaumond Heights,3,2022,493.6865234,522.168396,0,161.3975067,0,151.9035339,47.46985626,208.9268756,18.98794174,1053.2999694194204
152,Thistletown-Beaumond Heights,3,2023,626.7806396,455.8404541,47.48337936,218.4235535,NA,123.4567871,NA,522.3171997,132.9534607,1052.9999784632787
153,Mount Olive-Silverstone-Jamestown,2,2014,706.1523438,182.4226837,20.59610939,73.55753326,5.884603024,223.6149139,17.65380859,323.6531677,14.7115078,3398.700041247388
153,Mount Olive-Silverstone-Jamestown,2,2015,695.9598999,171.0409851,14.7449131,109.1123581,5.897965431,312.5921631,32.43880844,182.8369141,14.7449131,3390.999970456775
153,Mount Olive-Silverstone-Jamestown,2,2016,811.8800049,126.9485092,38.37978363,100.3778915,8.856872559,312.9428406,20.66603661,289.3245239,11.80916405,3387.200058386362
153,Mount Olive-Silverstone-Jamestown,2,2017,812.2479858,146.0877686,26.29579926,99.33968353,0,201.60112,26.29579926,201.60112,2.921755314,3422.6000539255506
153,Mount Olive-Silverstone-Jamestown,2,2018,738.6888428,222.1837463,8.656509399,77.90858459,11.54201317,178.9011993,49.05355453,227.9547577,8.656509399,3465.599927428605
153,Mount Olive-Silverstone-Jamestown,2,2019,786.1185913,248.6993256,14.29306507,100.0514526,8.575839043,168.6581726,42.87919617,314.4474182,22.86890411,3498.1999286549626
153,Mount Olive-Silverstone-Jamestown,2,2020,590.1639404,248.039917,28.51033592,51.31860352,8.553100586,88.38204193,51.31860352,273.6992188,22.80826759,3507.499964496306
153,Mount Olive-Silverstone-Jamestown,2,2021,607.2062988,220.5419006,17.18508339,45.82688904,0,143.2090302,28.64180565,237.7269897,8.592541695,3491.399882032976
153,Mount Olive-Silverstone-Jamestown,2,2022,747.0133667,336.4411316,22.607811,74.13109589,2.851196051,153.9645844,17.10717583,237.3820155,51.32152939,3507.300025398595
153,Mount Olive-Silverstone-Jamestown,2,2023,839.3150024,429.5484009,31.08574104,67.82343292,11.30390549,152.6027222,45.21562195,341.9431458,31.08574104,3538.5999195860436
154,West Humber-Clairville,1,2014,836.3097534,897.2907104,11.61541367,429.7702942,0,238.1159821,11.61541367,1077.32959,119.057991,3443.7001222231593
154,West Humber-Clairville,1,2015,894.9985352,778.005249,52.64697266,348.0549927,8.774495125,222.2872162,14.62415886,780.9301147,172.5650787,3419.000009107501
154,West Humber-Clairville,1,2016,862.2973022,950.5870972,52.97389603,385.5322266,5.885988235,267.8124695,29.42994118,665.1166992,120.6627655,3397.8999963523256
154,West Humber-Clairville,1,2017,876.4801636,954.8409424,29.02252197,362.7815247,0,356.9770203,20.31576538,647.2022095,168.3306274,3445.5999410138847
154,West Humber-Clairville,1,2018,907.4306641,1443.899048,25.68199921,485.1044312,0,259.6735535,39.949775699999996,1124.300903,145.5313263,3504.39997876197
154,West Humber-Clairville,1,2019,723.597168,1368.358765,19.70887184,380.0996704,5.631106377,202.7198181,39.41774368,999.5213623,183.0109558,3551.699914889661
154,West Humber-Clairville,1,2020,699.9664307,1139.545288,13.99932766,310.7850952,5.599731445,212.7897797,13.99932766,1047.14978,156.7924805,3571.599851581282
154,West Humber-Clairville,1,2021,680.8439331,1389.706055,33.62192154,274.5790405,2.801826715,148.4968262,14.00913429,1059.090576,154.1004791,3569.09988010878
154,West Humber-Clairville,1,2022,747.5752563,2153.794922,16.4889524,375.1771545,2.779090166,191.7572174,13.89545059,1275.145652,169.5244904,3598.299940147444
154,West Humber-Clairville,1,2023,884.9071045,2278.223633,27.48158646,582.6096802,5.496317387,211.6082153,24.73342896,865.6699829,219.8526917,3638.800031806051
155,Black Creek,24,2014,943.8162231,186.9824524,40.06766891,115.7510452,0,186.9824524,48.97159576,178.078537,40.06766891,2246.1999996533013
155,Black Creek,24,2015,959.2540894,201.7123108,40.34246445,121.0273895,0,170.3348389,49.30745316,121.0273895,17.92998314,2230.9000541645228
155,Black Creek,24,2016,1188.86792,225.1643677,18.01314926,121.5887604,4.503287315,162.1183472,72.05259705,247.6808014,36.02629852,2220.5999132351053
155,Black Creek,24,2017,1021.136169,147.1506348,8.918219566,120.3959656,0,222.9555054,53.50931931,205.1190643,75.80487061,2242.6000268334437
155,Black Creek,24,2018,819.8166504,238.0112762,44.07616425,132.2284851,17.63046455,114.5980225,66.11424255,242.4188995,35.26092911,2268.799979961959
155,Black Creek,24,2019,895.5875854,314.5478516,30.58103943,166.0113525,0,192.2236786,26.21232033,283.9667969,39.31848145,2289.000019003613
155,Black Creek,24,2020,1134.776489,349.1620178,8.729050636,104.7486038,13.09357548,100.384079,78.56145477,379.7136841,69.83240509,2291.200095528239
155,Black Creek,24,2021,908.0540161,285.1377563,30.707141879999998,118.4418335,0,52.64081573,57.02754974,285.1377563,39.48060989,2279.600071469801
155,Black Creek,24,2022,1014.074646,305.9707947,13.01687855,144.2433777,4.371011257,83.04921722,43.71011353,182.2362997,34.96809006,2287.800024535866
155,Black Creek,24,2023,1002.299622,360.1336365,21.69479752,125.8298264,NA,121.4908676,30.3727169,234.3038177,56.40647507,2304.7000610362397
156,Pelmo Park-Humberlea,23,2014,593.8829956,287.043457,29.69415092,296.9414978,0,128.6746521,0,376.1259155,29.69415092,1010.3000160727283
156,Pelmo Park-Humberlea,23,2015,466.5777893,295.1818848,9.521995544,142.8299408,0,228.5278931,19.04399109,304.7038574,57.13197327,1050.2000121676174
156,Pelmo Park-Humberlea,23,2016,568.4422607,238.3790283,9.168423653,220.0421753,9.168423653,110.0210876,45.84212112,330.0632629,36.67369461,1090.7000461867665
156,Pelmo Park-Humberlea,23,2017,485.5242004,422.5858765,0,278.7268372,0,206.7973328,8.991189003,314.6915894,53.94713211,1112.1999676949574
156,Pelmo Park-Humberlea,23,2018,650.7210693,589.1663818,35.17411041,211.0446777,8.793527603,167.0770264,26.38058472,439.6763916,35.17411041,1137.1999999877676
156,Pelmo Park-Humberlea,23,2019,673.9243164,630.7240601,8.640055656,198.7212677,8.640055656,69.12044525,25.92016602,259.2016602,60.48038864,1157.3999943593667
156,Pelmo Park-Humberlea,23,2020,470.4876099,504.7048645,42.77159882,171.0863953,0,59.88024139,34.21728134,410.6073608,85.54319763,1168.999966049903
156,Pelmo Park-Humberlea,23,2021,485.2715759,570.4069214,25.54060936,102.1624374,17.02707291,34.05414581,17.02707291,408.6497498,17.02707291,1174.6000143174674
156,Pelmo Park-Humberlea,23,2022,689.1335449,781.5783081,41.25072189,268.9301758,8.404067993,67.23254395,25.21220207,346.5060639,75.63660431,1189.8999926334889
156,Pelmo Park-Humberlea,23,2023,858.0150146,833.2645874,NA,189.7533264,NA,107.2518768,24.75043297,198.0034637,49.50086594,1212.1000009362774
157,Humbermede,22,2014,720.3103027,221.6339417,12.31299591,215.4774323,0,209.3209381,12.31299591,227.7904358,6.156497955,1624.2999657430835
157,Humbermede,22,2015,837.8848267,211.0228424,31.03277016,217.2294006,0,167.5769653,49.65243149,192.403183,55.8589859,1611.1999608788237
157,Humbermede,22,2016,711.5216675,293.3466492,18.72425461,149.7940369,6.241417885,174.7597046,18.72425461,193.483963,6.241417885,1602.1999779788855
157,Humbermede,22,2017,976.4538574,358.4450989,18.54026413,129.7818451,6.180087566,216.3030701,37.08052826,142.1420135,43.26061249,1618.1000136627656
157,Humbermede,22,2018,732.7796631,348.070343,12.21299458,268.6858826,0,183.1949158,30.53248596,293.1118774,61.06497192,1637.6000323527537
157,Humbermede,22,2019,1017.195435,423.8314514,6.054734707,375.3935547,0,163.4778442,24.21893883,254.2988586,48.43787766,1651.6000192234446
157,Humbermede,22,2020,574.2609863,459.4088135,24.17941093,205.5249939,0,84.62793732,36.26911545,356.6463013,72.5382309,1654.300087702127
157,Humbermede,22,2021,813.7981567,370.4603577,12.14624119,182.1936035,0,109.3161697,24.29248238,273.2904053,78.95056152,1646.5999449221902
157,Humbermede,22,2022,719.7290649,647.1513062,6.035731531,211.6850128,0,229.8294373,12.09628677,277.6436504,54.43328857,1653.399950112255
157,Humbermede,22,2023,959.6813354,736.3592529,12.07146263,175.0362091,NA,84.50024414,12.07146263,458.7156067,66.39304352,1656.7999619762118
158,Humber Summit,21,2014,589.8789063,535.5479736,54.33095169,419.1244812,0,170.754425,7.761564732,551.071106,116.4234695,1288.4000290281272
158,Humber Summit,21,2015,702.1376343,319.8627014,23.40458679,343.2672729,7.801528931,171.6336365,46.80917358,483.6947937,124.8244629,1281.7999720201012
158,Humber Summit,21,2016,924.0407104,493.3437805,46.98512268,321.0650024,0,180.1096344,125.2936554,524.6671753,140.955368,1277.000013872982
158,Humber Summit,21,2017,891.1274414,643.1615601,23.24680328,309.9573669,15.49786949,209.2212372,69.74040985,650.9105225,147.2297516,1290.5000413782568
158,Humber Summit,21,2018,833.5882568,825.9406738,15.29519749,428.2655334,7.647598743,237.0755615,38.23799515,619.4555054,114.7139816,1307.5999944916691
158,Humber Summit,21,2019,855.6716919,1014.690308,53.00621033,446.7666321,22.71694756,212.0248413,68.15084076,514.9174805,166.5909424,1320.5999575501442
158,Humber Summit,21,2020,695.9678955,832.1355591,7.564868927,189.1217194,0,196.6865845,37.82434464,695.9678955,158.8622437,1321.9000559487731
158,Humber Summit,21,2021,766.3126221,1016.691956,15.17450714,311.0773926,7.587253571,106.22155,30.34901428,652.5037842,220.0303497,1317.9999531160013
158,Humber Summit,21,2022,959.359436,1314.397949,14.89757914,415.4706116,0,226.6203308,52.87807846,625.698324,173.7422638,1323.7999777176321
158,Humber Summit,21,2023,1229.050293,975.7914429,29.79515839,670.3910522,14.89757919,186.2197418,44.69273758,655.4934692,312.8491516,1342.4999850677389
